station_id,station_name_2025,live_station_id,station_name_live,latitude,longitude,captured_at_utc,source
2301,현대고등학교 건너편,ST-777,현대고등학교 건너편,37.52407074,127.02178955,2026-08-20T06:42:18.736160+00:00,Seoul Open Data live bike API
2302,교보타워 버스정류장(신논현역 3번출구 후면),ST-787,교보타워 버스정류장(신논현역 3번출구 후면),37.5055809,127.02427673,2026-08-20T06:42:18.736160+00:00,Seoul Open Data live bike API
2303,논현역 10번출구,ST-788,논현역 10번출구,37.51137161,127.02146149,2026-08-20T06:42:18.736160+00:00,Seoul Open Data live bike API
2304,대현그린타워,ST-789,대현그린타워,37.5116272,127.03565216,2026-08-20T06:42:18.736160+00:00,Seoul Open Data live bike API
2305,MCM 본사 직영점 앞,ST-790,MCM 본사 직영점 앞,37.52064133,127.03450775,2026-08-20T06:42:18.736160+00:00,Seoul Open Data live bike API
2306,압구정역 2번 출구 옆,ST-791,압구정역 2번 출구 옆,37.5271225,127.02871704,2026-08-20T06:42:18.736160+00:00,Seoul Open Data live bike API
2307,압구정 한양 3차 아파트,ST-792,압구정 한양 3차 아파트,37.52838135,127.03901672,2026-08-20T06:42:18.736160+00:00,Seoul Open Data live bike API
2308,압구정파출소 앞,ST-793,압구정파출소 앞,37.52930069,127.03559875,2026-08-20T06:42:18.736160+00:00,Seoul Open Data live bike API
2309,청담역(우리들병원 앞),ST-783,청담역(우리들병원 앞),37.51890182,127.04938507,2026-08-20T06:42:18.736160+00:00,Seoul Open Data live bike API
2310,청담동 맥도날드 옆(위치),ST-794,청담동 맥도날드 옆(위치),37.52361298,127.04017639,2026-08-20T06:42:18.736160+00:00,Seoul Open Data live bike API
2311,학동로 래미안 아파트 앞,ST-786,학동로 래미안 아파트 앞,37.51777267,127.04302216,2026-08-20T06:42:18.736160+00:00,Seoul Open Data live bike API
2312,청담역 13번 출구 앞,ST-795,청담역 13번 출구 앞,37.52058029,127.05632782,2026-08-20T06:42:18.736160+00:00,Seoul Open Data live bike API
2313,금원빌딩 앞,ST-796,금원빌딩 앞,37.52505493,127.05252838,2026-08-20T06:42:18.736160+00:00,Seoul Open Data live bike API
2315,봉은사역 5번출구 옆,ST-799,봉은사역 5번출구 옆,37.51424789,127.06111908,2026-08-20T06:42:18.736160+00:00,Seoul Open Data live bike API
2317,삼성도로공원,ST-784,삼성도로공원,37.51588821,127.06620026,2026-08-20T06:42:18.736160+00:00,Seoul Open Data live bike API
2318,삼성중앙역4번출구(문화센터더 리빌),ST-801,삼성중앙역4번출구(문화센터더 리빌),37.51357651,127.05503082,2026-08-20T06:42:18.736160+00:00,Seoul Open Data live bike API
2319,포스코사거리 서측(수협 삼성동 지점),ST-802,포스코사거리 서측(수협 삼성동 지점),37.50660706,127.05467987,2026-08-20T06:42:18.736160+00:00,Seoul Open Data live bike API
2320,도곡역 대치지구대 방향,ST-803,도곡역 대치지구대 방향,37.49191284,127.05709076,2026-08-20T06:42:18.736160+00:00,Seoul Open Data live bike API
2321,학여울역 사거리,ST-804,학여울역 사거리,37.49611664,127.06944275,2026-08-20T06:42:18.736160+00:00,Seoul Open Data live bike API
2324,천주교 대치 2동 교회 옆,ST-807,천주교 대치 2동 교회 옆,37.50043869,127.06622314,2026-08-20T06:42:18.736160+00:00,Seoul Open Data live bike API
2325,대치삼성아파트 앞 교차로,ST-808,대치삼성아파트 앞 교차로,37.4986496,127.05931854,2026-08-20T06:42:18.736160+00:00,Seoul Open Data live bike API
2326,대치동 삼성로,ST-809,대치동 삼성로,37.50239563,127.05879974,2026-08-20T06:42:18.736160+00:00,Seoul Open Data live bike API
2327,뱅뱅사거리 랜드마크타워 앞,ST-810,뱅뱅사거리 랜드마크타워 앞,37.49055099,127.03146362,2026-08-20T06:42:18.736160+00:00,Seoul Open Data live bike API
2328,르네상스 호텔 사거리 역삼지하보도 7번출구 앞,ST-811,르네상스 호텔 사거리 역삼지하보도 7번출구 앞,37.50321198,127.04273224,2026-08-20T06:42:18.736160+00:00,Seoul Open Data live bike API
2329,르네상스호텔사거리 역삼지하보도 2번출구,ST-812,르네상스호텔사거리 역삼지하보도 2번출구,37.50235748,127.04319,2026-08-20T06:42:18.736160+00:00,Seoul Open Data live bike API
2330,역삼월드메르디앙아파트 앞,ST-813,역삼월드메르디앙아파트 앞,37.49219894,127.03945923,2026-08-20T06:42:18.736160+00:00,Seoul Open Data live bike API
2331,동영문화센터앞,ST-814,동영문화센터앞,37.49805069,127.04460144,2026-08-20T06:42:18.736160+00:00,Seoul Open Data live bike API
2332,선릉역3번출구,ST-815,선릉역3번출구,37.50410461,127.04903412,2026-08-20T06:42:18.736160+00:00,Seoul Open Data live bike API
2333,양재역 3번출구 주변,ST-816,양재역 3번출구 주변,37.48515701,127.03407288,2026-08-20T06:42:18.736160+00:00,Seoul Open Data live bike API
2335,3호선 매봉역 3번출구앞,ST-818,3호선 매봉역 3번출구앞,37.48676682,127.04676056,2026-08-20T06:42:18.736160+00:00,Seoul Open Data live bike API
2336,강남세브란스교차로 래미안그레이튼 104동 앞,ST-819,강남세브란스교차로  래미안그레이튼 104동 앞,37.49423599,127.04746246,2026-08-20T06:42:18.736160+00:00,Seoul Open Data live bike API
2337,대모산입구역 2번출구 앞,ST-782,대모산입구역 2번출구 앞,37.49207687,127.07197571,2026-08-20T06:42:18.736160+00:00,Seoul Open Data live bike API
2339,현대아파트 정문 앞,ST-820,현대아파트 정문 앞,37.48326111,127.0522995,2026-08-20T06:42:18.736160+00:00,Seoul Open Data live bike API
2340,삼호물산버스정류장(23370) 옆,ST-821,삼호물산버스정류장(23370) 옆,37.47750854,127.04517365,2026-08-20T06:42:18.736160+00:00,Seoul Open Data live bike API
2341,일원역 4~5번 출구 사이,ST-822,일원역 4~5번 출구 사이,37.4833107,127.08493805,2026-08-20T06:42:18.736160+00:00,Seoul Open Data live bike API
2342,대청역 1번출구 뒤,ST-823,대청역 1번출구  뒤,37.49390793,127.07962036,2026-08-20T06:42:18.736160+00:00,Seoul Open Data live bike API
2344,리엔파크 2단지 앞,ST-779,리엔파크 2단지 앞,37.46506119,127.10119629,2026-08-20T06:42:18.736160+00:00,Seoul Open Data live bike API
2347,두산건설 본사,ST-961,두산건설 본사,37.51863861,127.03540039,2026-08-20T06:42:18.736160+00:00,Seoul Open Data live bike API
2348,포스코사거리(기업은행),ST-797,포스코사거리(기업은행),37.50723267,127.05685425,2026-08-20T06:42:18.736160+00:00,Seoul Open Data live bike API
2349,역삼빌딩 앞(하나은행 옆),ST-959,역삼빌딩 앞(하나은행 옆),37.50154495,127.03856659,2026-08-20T06:42:18.736160+00:00,Seoul Open Data live bike API
2350,래미안그레이튼102동앞,ST-960,래미안그레이튼102동앞,37.49482346,127.04790497,2026-08-20T06:42:18.736160+00:00,Seoul Open Data live bike API
2351,청소년수련관(수영장)앞,ST-937,청소년수련관(수영장)앞,37.48387909,127.0890274,2026-08-20T06:42:18.736160+00:00,Seoul Open Data live bike API
2352,서울본부세관(건설회관 앞),ST-962,서울본부세관(건설회관 앞),37.51758957,127.03502655,2026-08-20T06:42:18.736160+00:00,Seoul Open Data live bike API
2353,강남구청역 2번출구 뒤,ST-963,강남구청역 2번출구 뒤,37.51681137,127.04047394,2026-08-20T06:42:18.736160+00:00,Seoul Open Data live bike API
2354,청담역 2번출구,ST-953,청담역 2번출구,37.51978683,127.0567627,2026-08-20T06:42:18.736160+00:00,Seoul Open Data live bike API
2356,강남구청,ST-954,강남구청,37.51807022,127.04711914,2026-08-20T06:42:18.736160+00:00,Seoul Open Data live bike API
2357,르네상스호텔사거리 역삼지하보도 3번출구 앞 (더 오번 빌딩 명동칼국수 앞),ST-966,르네상스호텔사거리 역삼지하보도 3번출구 앞 (더 오번 빌딩 명동칼국수 앞),37.50166321,127.04297638,2026-08-20T06:42:18.736160+00:00,Seoul Open Data live bike API
2358,구룡초사거리 (현대아파트10동 앞 ),ST-957,구룡초사거리 (현대아파트10동 앞 ),37.48138428,127.05391693,2026-08-20T06:42:18.736160+00:00,Seoul Open Data live bike API
2359,"국립국악중,고교 정문 맞은편",ST-958,"국립국악중,고교 정문 맞은편",37.47560501,127.05037689,2026-08-20T06:42:18.736160+00:00,Seoul Open Data live bike API
2360,도곡1동 주민센터 교차로,ST-956,도곡1동 주민센터 교차로,37.4928093,127.04138947,2026-08-20T06:42:18.736160+00:00,Seoul Open Data live bike API
2362,신사동 가로수길 입구,ST-1171,신사동 가로수길 입구,37.51763535,127.02245331,2026-08-20T06:42:18.736160+00:00,Seoul Open Data live bike API
2363,강남 을지병원 교차로,ST-1172,강남 을지병원 교차로,37.51913834,127.02751923,2026-08-20T06:42:18.736160+00:00,Seoul Open Data live bike API
2364,도산공원교차로,ST-1173,도산공원교차로,37.52124023,127.0318985,2026-08-20T06:42:18.736160+00:00,Seoul Open Data live bike API
2365,K+ 타워 앞,ST-1174,K+ 타워 앞,37.52330017,127.03847504,2026-08-20T06:42:18.736160+00:00,Seoul Open Data live bike API
2368,도곡동 경남아파트 건너편,ST-1177,도곡동 경남아파트 건너편,37.48934174,127.04129791,2026-08-20T06:42:18.736160+00:00,Seoul Open Data live bike API
2369,KT선릉타워,ST-1178,KT선릉타워,37.50542831,127.0528717,2026-08-20T06:42:18.736160+00:00,Seoul Open Data live bike API
2370,한티역 3번출구,ST-1179,한티역 3번출구,37.49655151,127.0542984,2026-08-20T06:42:18.736160+00:00,Seoul Open Data live bike API
2371,한국우편사업진흥원,ST-1180,한국우편사업진흥원,37.51474762,127.03513336,2026-08-20T06:42:18.736160+00:00,Seoul Open Data live bike API
2372,대치역 사거리,ST-1181,대치역 사거리,37.49449921,127.063797,2026-08-20T06:42:18.736160+00:00,Seoul Open Data live bike API
2373,개포동역 사거리,ST-1182,개포동역 사거리,37.48927689,127.06557465,2026-08-20T06:42:18.736160+00:00,Seoul Open Data live bike API
2375,수서역 1번출구 앞,ST-1184,수서역 1번출구 앞,37.48735046,127.10099792,2026-08-20T06:42:18.736160+00:00,Seoul Open Data live bike API
2376,수서역 6번출구 앞,ST-1185,수서역 7번출구 앞,37.48677826,127.10051727,2026-08-20T06:42:18.736160+00:00,Seoul Open Data live bike API
2377,수서역 5번출구,ST-1186,수서역 5번출구,37.48735046,127.10232544,2026-08-20T06:42:18.736160+00:00,Seoul Open Data live bike API
2380,삼성동베이직하우스앞,ST-1245,봉은사로68길 북측,37.51169586,127.04934692,2026-08-20T06:42:18.736160+00:00,Seoul Open Data live bike API
2381,언주역 6번출구앞,ST-1246,언주역 4번출구,37.50780869,127.03498077,2026-08-20T06:42:18.736160+00:00,Seoul Open Data live bike API
2382,역삼동 sk뷰 501동앞,ST-1247,역삼동 sk뷰 501동앞,37.50122833,127.05036163,2026-08-20T06:42:18.736160+00:00,Seoul Open Data live bike API
2383,보금자리정원,ST-1248,보금자리정원,37.46632767,127.09488678,2026-08-20T06:42:18.736160+00:00,Seoul Open Data live bike API
2384,자곡사거리,ST-1364,자곡사거리,37.47602844,127.10594177,2026-08-20T06:42:18.736160+00:00,Seoul Open Data live bike API
2385,학동역,ST-1365,학동역,37.51395035,127.03015137,2026-08-20T06:42:18.736160+00:00,Seoul Open Data live bike API
2386,크린랩 본사,ST-1366,크린랩 본사,37.50958633,127.04090881,2026-08-20T06:42:18.736160+00:00,Seoul Open Data live bike API
2387,래미안강남힐즈 사거리,ST-1407,래미안강남힐즈 사거리,37.47245407,127.09607697,2026-08-20T06:42:18.736160+00:00,Seoul Open Data live bike API
2388,강남구 도시관리공단,ST-1433,강남구 도시관리공단,37.51678467,127.05161285,2026-08-20T06:42:18.736160+00:00,Seoul Open Data live bike API
2389,경기여자고등학교 후문 (삼성로3길 입구),ST-1559,경기여자고등학교 후문 (삼성로3길 입구),37.48616028,127.06723785,2026-08-20T06:42:18.736160+00:00,Seoul Open Data live bike API
2390,구룡마을 입구 (래미안블레스티지 아파트),ST-1560,구룡마을 입구 (래미안블레스티지 아파트),37.48088074,127.06304169,2026-08-20T06:42:18.736160+00:00,Seoul Open Data live bike API
2392,구룡산 입구 (구룡산 서울둘레길 입구),ST-1562,구룡산 입구 (구룡산 서울둘레길 입구),37.47447205,127.05545044,2026-08-20T06:42:18.736160+00:00,Seoul Open Data live bike API
2394,개포래미안포레스트아파트 107동 앞,ST-1564,개포래미안포레스트아파트 107동 앞,37.48025131,127.05419159,2026-08-20T06:42:18.736160+00:00,Seoul Open Data live bike API
2396,영동3교 북단(우성캐릭터 앞 보도),ST-1566,영동3교 북단(우성캐릭터 앞 보도),37.48574066,127.05104828,2026-08-20T06:42:18.736160+00:00,Seoul Open Data live bike API
2398,더라움,ST-1568,더라움,37.50811005,127.0394516,2026-08-20T06:42:18.736160+00:00,Seoul Open Data live bike API
2401,밀알학교 입구 (삼성서울병원 입구),ST-1571,밀알학교 입구 (삼성서울병원 입구),37.48656082,127.08267212,2026-08-20T06:42:18.736160+00:00,Seoul Open Data live bike API
2403,공무원연금매점 교차로 (개포주공9단지 입구),ST-1573,공무원연금매점 교차로 (개포주공9단지 입구),37.48871994,127.07453918,2026-08-20T06:42:18.736160+00:00,Seoul Open Data live bike API
2404,대모산입구역 4번 출구 앞,ST-1574,대모산입구역 4번 출구 앞,37.49180984,127.07315826,2026-08-20T06:42:18.736160+00:00,Seoul Open Data live bike API
2405,청담공원앞 교차로,ST-1575,청담공원앞 교차로,37.51871109,127.05084991,2026-08-20T06:42:18.736160+00:00,Seoul Open Data live bike API
2406,논현동 광명빌딩 앞,ST-1576,논현동 광명빌딩 앞,37.5175705,127.02364349,2026-08-20T06:42:18.736160+00:00,Seoul Open Data live bike API
2407,역삼서초삼성 세무서 앞 (역삼빌딩 앞,ST-1577,역삼서초삼성 세무서 앞 (역삼빌딩 앞),37.49847031,127.03011322,2026-08-20T06:42:18.736160+00:00,Seoul Open Data live bike API
2408,강남한양수자인아파트,ST-1578,강남한양수자인아파트,37.4773407,127.11327362,2026-08-20T06:42:18.736160+00:00,Seoul Open Data live bike API
2409,역삼동 디오슈페리움 (우성아파트 사거리),ST-1679,역삼동 디오슈페리움 (우성아파트 사거리),37.49206161,127.03074646,2026-08-20T06:42:18.736160+00:00,Seoul Open Data live bike API
2410,포스코피앤에스타워 (역삼역 3번출구 부근),ST-1680,포스코피앤에스타워 (역삼역 3번출구 부근),37.49959946,127.03375244,2026-08-20T06:42:18.736160+00:00,Seoul Open Data live bike API
2411,세곡동 성당,ST-1703,세곡동 성당,37.47296906,127.11222839,2026-08-20T06:42:18.736160+00:00,Seoul Open Data live bike API
2413,도곡역 1번 출구,ST-1879,도곡역 1번 출구,37.49095917,127.05498505,2026-08-20T06:42:18.736160+00:00,Seoul Open Data live bike API
2414,도곡역 아카데미스위트 앞,ST-1880,도곡역 아카데미스위트 앞,37.48897171,127.05182648,2026-08-20T06:42:18.736160+00:00,Seoul Open Data live bike API
2415,한티역 롯데백화점 앞,ST-1881,한티역 롯데백화점 앞,37.49667358,127.05342865,2026-08-20T06:42:18.736160+00:00,Seoul Open Data live bike API
2416,한티역 6번 출구,ST-1882,한티역 6번 출구,37.4958992,127.05219269,2026-08-20T06:42:18.736160+00:00,Seoul Open Data live bike API
2417,선정릉 디캠프(D.CAMP)앞,ST-1883,"선정릉 디캠프(D,CAMP)앞",37.50799942,127.04524994,2026-08-20T06:42:18.736160+00:00,Seoul Open Data live bike API
2418,봉은사역 7번 출구,ST-1884,봉은사역 7번 출구,37.51393509,127.05982208,2026-08-20T06:42:18.736160+00:00,Seoul Open Data live bike API
2419,"봉은사역 1,2번 출구",ST-1885,"봉은사역 1,2번 출구",37.51430893,127.05970001,2026-08-20T06:42:18.736160+00:00,Seoul Open Data live bike API
2420,학여울역 사거리(LG베스트샵 앞),ST-1886,학여울역 사거리(LG베스트샵 앞),37.49689484,127.07013702,2026-08-20T06:42:18.736160+00:00,Seoul Open Data live bike API
2422,수서동 성당 맞은편,ST-1888,수서동 성당 맞은편,37.48416901,127.09484863,2026-08-20T06:42:18.736160+00:00,Seoul Open Data live bike API
2423,영희초교 사거리(래미안개포루체하임),ST-1889,영희초교 사거리(래미안개포루체하임),37.4908371,127.08065033,2026-08-20T06:42:18.736160+00:00,Seoul Open Data live bike API
2425,세곡동 사거리(대왕초등학교 정류장),ST-1891,세곡동 사거리(대왕초등학교 정류장),37.46461868,127.10684967,2026-08-20T06:42:18.736160+00:00,Seoul Open Data live bike API
2426,강남한신휴플러스 6단지,ST-1892,강남한신휴플러스 6단지,37.46829605,127.10469818,2026-08-20T06:42:18.736160+00:00,Seoul Open Data live bike API
2427,개포고등학교 정문앞,ST-1893,개포고등학교 정문앞,37.48485184,127.0583725,2026-08-20T06:42:18.736160+00:00,Seoul Open Data live bike API
2430,강남파이낸스센터앞(역삼역2번출구),ST-1896,강남파이낸스센터앞(역삼역2번출구),37.50024414,127.03605652,2026-08-20T06:42:18.736160+00:00,Seoul Open Data live bike API
2431,대치역 7번출구,ST-1897,대치역 7번출구,37.49411774,127.06290436,2026-08-20T06:42:18.736160+00:00,Seoul Open Data live bike API
3602,한국지역난방공사강남지사,ST-2474,한국지역난방공사강남지사,37.49229431,127.09433746,2026-08-20T06:42:18.736160+00:00,Seoul Open Data live bike API
3604,삼성중앙역 5번출구,ST-2671,삼성중앙역 5번출구,37.51296234,127.05386353,2026-08-20T06:42:18.736160+00:00,Seoul Open Data live bike API
3606,신사동주민센터 옆,ST-2673,신사동주민센터 옆,37.52422714,127.02285004,2026-08-20T06:42:18.736160+00:00,Seoul Open Data live bike API
3609,언주초등학교 입구,ST-2674,언주초등학교 입구,37.48536682,127.03849792,2026-08-20T06:42:18.736160+00:00,Seoul Open Data live bike API
3610,윗반마을 입구,ST-2675,윗반마을 입구,37.46534729,127.1088028,2026-08-20T06:42:18.736160+00:00,Seoul Open Data live bike API
3611,방죽마을 입구,ST-2676,방죽마을 입구,37.47123337,127.10721588,2026-08-20T06:42:18.736160+00:00,Seoul Open Data live bike API
3614,은마아파트 입구 사거리,ST-2678,은마아파트 입구 사거리,37.49840164,127.06093597,2026-08-20T06:42:18.736160+00:00,Seoul Open Data live bike API
3615,서울 논현동우체국 앞,ST-2679,서울 논현동우체국 앞,37.51446152,127.0326004,2026-08-20T06:42:18.736160+00:00,Seoul Open Data live bike API
3616,역삼중학교 앞(체육관 방향),ST-2680,역삼중학교 앞(체육관 방향),37.49526215,127.04950714,2026-08-20T06:42:18.736160+00:00,Seoul Open Data live bike API
3618,서울율현초교 삼거리,ST-2681,서울율현초교 삼거리,37.47364044,127.10702515,2026-08-20T06:42:18.736160+00:00,Seoul Open Data live bike API
3620,청담역 11번 출구,ST-2682,청담역 11번 출구,37.51925659,127.0515976,2026-08-20T06:42:18.736160+00:00,Seoul Open Data live bike API
3622,은마아파트입구 사거리(1),ST-2684,은마아파트입구 사거리(1),37.49986649,127.0605011,2026-08-20T06:42:18.736160+00:00,Seoul Open Data live bike API
3623,일원에코파크 앞(개포로 방면),ST-2685,일원에코파크 앞(개포로 방면),37.49587631,127.08650208,2026-08-20T06:42:18.736160+00:00,Seoul Open Data live bike API
3624,대모산입구역 7번 출구 앞,ST-2686,대모산입구역 7번 출구 앞,37.49017715,127.07305908,2026-08-20T06:42:18.736160+00:00,Seoul Open Data live bike API
3627,압구정나들목,ST-2688,압구정나들목,37.53075027,127.04160309,2026-08-20T06:42:18.736160+00:00,Seoul Open Data live bike API
3629,청담사거리(신한오피스텔빌딩 앞),ST-2690,청담사거리(신한오피스텔빌딩 앞),37.52416229,127.0489502,2026-08-20T06:42:18.736160+00:00,Seoul Open Data live bike API
3630,개포우성6차아파트 정문 앞,ST-2691,개포우성6차아파트 정문 앞,37.47685623,127.05536652,2026-08-20T06:42:18.736160+00:00,Seoul Open Data live bike API
3634,국악고교 앞 교차로,ST-2788,국악고교 앞 교차로,37.47402191,127.04844666,2026-08-20T06:42:18.736160+00:00,Seoul Open Data live bike API
3636,삼성중앙역·플래티넘아파트 정류소,ST-2837,삼성중앙역·플래티넘아파트 정류소,37.51264191,127.05156708,2026-08-20T06:42:18.736160+00:00,Seoul Open Data live bike API
3637,세곡데이케어센터,ST-2838,세곡데이케어센터,37.46072388,127.10287476,2026-08-20T06:42:18.736160+00:00,Seoul Open Data live bike API
3638,신청담나들목,ST-2839,신청담나들목,37.52796173,127.05162811,2026-08-20T06:42:18.736160+00:00,Seoul Open Data live bike API
3640,일원1동주민센터앞 사거리,ST-2847,일원1동주민센터앞 사거리,37.49087906,127.08795929,2026-08-20T06:42:18.736160+00:00,Seoul Open Data live bike API
3641,대청역,ST-2867,대청역,37.49370575,127.0799942,2026-08-20T06:42:18.736160+00:00,Seoul Open Data live bike API
3642,LH강남힐스테이트아파트,ST-2907,강남자곡힐스테이트,37.47081375,127.08969879,2026-08-20T06:42:18.736160+00:00,Seoul Open Data live bike API
3643,더시그넘하우스 앞,ST-2868,더시그넘하우스 앞,37.47267914,127.10375977,2026-08-20T06:42:18.736160+00:00,Seoul Open Data live bike API
3644,상록수아파트,ST-2869,상록수아파트,37.48276138,127.08042145,2026-08-20T06:42:18.736160+00:00,Seoul Open Data live bike API
3646,선정릉역 4번 출구,ST-2882,선정릉역 4번 출구,37.5097847,127.04277039,2026-08-20T06:42:18.736160+00:00,Seoul Open Data live bike API
3647,구룡역 1번 출구,ST-2925,구룡역 1번 출구,37.48642349,127.05931854,2026-08-20T06:42:18.736160+00:00,Seoul Open Data live bike API
3648,구룡역 4번 출구,ST-2926,구룡역 4번 출구,37.48670578,127.0605011,2026-08-20T06:42:18.736160+00:00,Seoul Open Data live bike API
3649,구룡역 5번 출구,ST-2927,구룡역 5번 출구,37.48607635,127.05921936,2026-08-20T06:42:18.736160+00:00,Seoul Open Data live bike API
3651,개포동역 4번출구,ST-3049,개포동역 4번출구,37.48929596,127.06616974,2026-08-20T06:42:18.736160+00:00,Seoul Open Data live bike API
4902,구역삼세무서 교차로,ST-2870,구역삼세무서 교차로,37.49524307,127.03937531,2026-08-20T06:42:18.736160+00:00,Seoul Open Data live bike API
4903,신사스퀘어,ST-3066,신사스퀘어,37.51916885,127.0189743,2026-08-20T06:42:18.736160+00:00,Seoul Open Data live bike API
4905,강남경찰서,ST-3079,강남경찰서,37.50971985,127.06679535,2026-08-20T06:42:18.736160+00:00,Seoul Open Data live bike API
4906,섬유센터 앞,ST-3077,섬유센터 앞,37.50767136,127.06017303,2026-08-20T06:42:18.736160+00:00,Seoul Open Data live bike API
4907,극동스포츠 앞,ST-3078,극동스포츠 앞,37.5257225,127.02588654,2026-08-20T06:42:18.736160+00:00,Seoul Open Data live bike API
4908,SB타워 앞,ST-3096,SB타워 앞,37.52210999,127.03646088,2026-08-20T06:42:18.736160+00:00,Seoul Open Data live bike API
4909,노보텔 앰배서더 앞,ST-3108,노보텔 앰배서더 앞,37.50570297,127.02919769,2026-08-20T06:42:18.736160+00:00,Seoul Open Data live bike API
4913,레베쌍트 빌딩 앞,ST-3111,레베쌍트 빌딩 앞,37.51292038,127.056427,2026-08-20T06:42:18.736160+00:00,Seoul Open Data live bike API
4914,도심공항타워 앞,ST-3112,도심공항타워 앞,37.50999069,127.05847168,2026-08-20T06:42:18.736160+00:00,Seoul Open Data live bike API
4915,영동중앙교회 버스정류장,ST-3115,영동중앙교회 버스정류장,37.49775314,127.03857422,2026-08-20T06:42:18.736160+00:00,Seoul Open Data live bike API
4916,청담역 1번출구,ST-3164,청담역 1번출구,37.51973724,127.05767822,2026-08-20T06:42:18.736160+00:00,Seoul Open Data live bike API
4917,일원에코파크 주차장,ST-3179,일원에코파크 주차장,37.49404526,127.08678436,2026-08-20T06:42:18.736160+00:00,Seoul Open Data live bike API
4918,매봉역 1번출구,ST-3185,매봉역 1번출구,37.48661041,127.04550934,2026-08-20T06:42:18.736160+00:00,Seoul Open Data live bike API
4919,학여울역사거리(은마아파트),ST-3178,학여울역사거리(은마아파트),37.49665833,127.06938171,2026-08-20T06:42:18.736160+00:00,Seoul Open Data live bike API
4923,수협대치동지점,ST-3207,수협대치동지점,37.49861526,127.0683136,2026-08-20T06:42:18.736160+00:00,Seoul Open Data live bike API
4924,논현동가구거리,ST-3208,논현동가구거리,37.51280975,127.02636719,2026-08-20T06:42:18.736160+00:00,Seoul Open Data live bike API
4925,청담백영빌딩 앞,ST-3243,청담백영빌딩 앞,37.52390289,127.04660797,2026-08-20T06:42:18.736160+00:00,Seoul Open Data live bike API
4926,대치우성아파트 사거리,ST-3240,대치우성아파트 사거리,37.50099564,127.06803894,2026-08-20T06:42:18.736160+00:00,Seoul Open Data live bike API
4928,교수마을 입구,ST-3245,교수마을 입구,37.4818573,127.10456085,2026-08-20T06:42:18.736160+00:00,Seoul Open Data live bike API
4929,파스쿠찌 청담사거리점 앞,ST-3254,투썸플레이스 강남청담점 앞,37.52464676,127.04914856,2026-08-20T06:42:18.736160+00:00,Seoul Open Data live bike API
4930,학여울역 1번 출구,ST-3268,학여울역 1번출구,37.49662018,127.07099915,2026-08-20T06:42:18.736160+00:00,Seoul Open Data live bike API
4931,디에이치퍼스티어아이파크 124동 앞,ST-3307,디에이치퍼스티어아이파크 124동 앞,37.48131943,127.05435181,2026-08-20T06:42:18.736160+00:00,Seoul Open Data live bike API
4932,개포래미안포레스트 130동 맞은편,ST-3294,개포래미안포레스트 130동 맞은편,37.47748566,127.05743408,2026-08-20T06:42:18.736160+00:00,Seoul Open Data live bike API
4935,도곡삼성래미안,ST-3302,도곡삼성래미안,37.48920441,127.05106354,2026-08-20T06:42:18.736160+00:00,Seoul Open Data live bike API
4936,SK텔레콤(T1) 인근,ST-3348,SK텔레콤(T1) 인근,37.51263046,127.04283142,2026-08-20T06:42:18.736160+00:00,Seoul Open Data live bike API
4937,개포래미안포레스트126동 앞,ST-3364,개포래미안포레스트 126동 앞,37.47816467,127.05630493,2026-08-20T06:42:18.736160+00:00,Seoul Open Data live bike API
4938,LH수서2단지 201동 앞,ST-3376,LH수서2단지 201동 앞,37.47955322,127.10666656,2026-08-20T06:42:18.736160+00:00,Seoul Open Data live bike API
4939,도산공원,ST-3386,도산공원,37.5253067,127.03302765,2026-08-20T06:42:18.736160+00:00,Seoul Open Data live bike API
4940,한강버스 압구정 선착장,ST-3389,한강버스 압구정 선착장,37.52643204,127.01720428,2026-08-20T06:42:18.736160+00:00,Seoul Open Data live bike API
4941,압구정로 11길,ST-3394,압구정로 11길,37.52594757,127.02082825,2026-08-20T06:42:18.736160+00:00,Seoul Open Data live bike API
4942,율현삼거리,ST-3414,율현삼거리,37.46805573,127.12036133,2026-08-20T06:42:18.736160+00:00,Seoul Open Data live bike API
