policy_name,policy_label,trip_id,request_at,station_id,station_name,p0_inventory_before,policy_inventory_before,station_net_failures_avoided_vs_p0,station_net_status,has_prior_relocation_out,prior_relocation_out_at,minutes_since_prior_out,within_60_minutes_of_prior_out,prior_out_bikes,prior_out_inventory_before,prior_out_inventory_after,prior_out_destination_id
greedy_default,P2 기존 2회·15km/h,111226,2025-11-24T08:01:17,3604,삼성중앙역 5번출구,4,0,7,improved,true,2025-11-24T06:00:00,121.283,false,4,9,5,2380
greedy_default,P2 기존 2회·15km/h,111669,2025-11-24T08:51:59,2341,일원역 4~5번 출구 사이,4,0,33,improved,true,2025-11-24T07:00:00,111.983,false,4,9,5,2401
greedy_default,P2 기존 2회·15km/h,111697,2025-11-24T08:55:28,2307,압구정 한양 3차 아파트,4,0,18,improved,true,2025-11-24T02:00:00,415.467,false,4,9,5,3627
greedy_default,P2 기존 2회·15km/h,111918,2025-11-24T09:39:07,3622,은마아파트입구 사거리(1),5,0,-1,worsened,true,2025-11-24T00:00:00,579.117,false,5,10,5,2326
greedy_default,P2 기존 2회·15km/h,111955,2025-11-24T09:42:47,2321,학여울역 사거리,4,0,-1,worsened,true,2025-11-24T04:00:00,342.783,false,4,9,5,4919
greedy_default,P2 기존 2회·15km/h,112267,2025-11-24T11:30:17,2388,강남구 도시관리공단,9,0,16,improved,true,2025-11-24T08:00:00,210.283,false,4,9,5,3604
greedy_default,P2 기존 2회·15km/h,112476,2025-11-24T11:57:58,2388,강남구 도시관리공단,8,0,16,improved,true,2025-11-24T08:00:00,237.967,false,4,9,5,3604
greedy_default,P2 기존 2회·15km/h,113021,2025-11-24T15:27:36,3622,은마아파트입구 사거리(1),4,0,-1,worsened,true,2025-11-24T00:00:00,927.6,false,5,10,5,2326
greedy_default,P2 기존 2회·15km/h,113652,2025-11-24T17:30:19,2388,강남구 도시관리공단,3,0,16,improved,true,2025-11-24T08:00:00,570.317,false,4,9,5,3604
greedy_default,P2 기존 2회·15km/h,113589,2025-11-24T17:30:28,2388,강남구 도시관리공단,2,0,16,improved,true,2025-11-24T08:00:00,570.467,false,4,9,5,3604
greedy_default,P2 기존 2회·15km/h,113707,2025-11-24T17:36:03,3622,은마아파트입구 사거리(1),3,0,-1,worsened,true,2025-11-24T00:00:00,1056.05,false,5,10,5,2326
greedy_default,P2 기존 2회·15km/h,113874,2025-11-24T17:41:32,3622,은마아파트입구 사거리(1),2,0,-1,worsened,true,2025-11-24T00:00:00,1061.533,false,5,10,5,2326
greedy_default,P2 기존 2회·15km/h,113920,2025-11-24T18:04:27,2352,서울본부세관(건설회관 앞),5,0,33,improved,true,2025-11-24T10:00:00,484.45,false,5,14,9,2353
greedy_default,P2 기존 2회·15km/h,114022,2025-11-24T18:04:38,2352,서울본부세관(건설회관 앞),4,0,33,improved,true,2025-11-24T10:00:00,484.633,false,5,14,9,2353
greedy_default,P2 기존 2회·15km/h,114492,2025-11-24T18:07:15,2352,서울본부세관(건설회관 앞),3,0,33,improved,true,2025-11-24T10:00:00,487.25,false,5,14,9,2353
greedy_default,P2 기존 2회·15km/h,114216,2025-11-24T18:09:12,2352,서울본부세관(건설회관 앞),2,0,33,improved,true,2025-11-24T10:00:00,489.2,false,5,14,9,2353
greedy_default,P2 기존 2회·15km/h,114157,2025-11-24T18:21:25,2360,도곡1동 주민센터 교차로,9,0,1,improved,true,2025-11-24T12:00:00,381.417,false,5,11,6,2368
greedy_default,P2 기존 2회·15km/h,114181,2025-11-24T18:30:59,2352,서울본부세관(건설회관 앞),1,0,33,improved,true,2025-11-24T10:00:00,510.983,false,5,14,9,2353
greedy_default,P2 기존 2회·15km/h,114230,2025-11-24T18:31:36,2360,도곡1동 주민센터 교차로,8,0,1,improved,true,2025-11-24T12:00:00,391.6,false,5,11,6,2368
greedy_default,P2 기존 2회·15km/h,114320,2025-11-24T18:44:27,2347,두산건설 본사,5,0,27,improved,true,2025-11-24T15:00:00,224.45,false,5,11,6,2371
greedy_default,P2 기존 2회·15km/h,114378,2025-11-24T18:49:16,2328,르네상스 호텔 사거리 역삼지하보도 7번출구 앞,10,0,21,improved,true,2025-11-24T18:00:00,49.267,true,5,12,7,2398
greedy_default,P2 기존 2회·15km/h,114645,2025-11-24T18:53:42,2328,르네상스 호텔 사거리 역삼지하보도 7번출구 앞,9,0,21,improved,true,2025-11-24T18:00:00,53.7,true,5,12,7,2398
greedy_default,P2 기존 2회·15km/h,114426,2025-11-24T18:53:49,2328,르네상스 호텔 사거리 역삼지하보도 7번출구 앞,8,0,21,improved,true,2025-11-24T18:00:00,53.817,true,5,12,7,2398
greedy_default,P2 기존 2회·15km/h,114472,2025-11-24T18:57:56,3649,구룡역 5번 출구,5,0,-1,worsened,true,2025-11-24T13:00:00,357.933,false,5,10,5,2358
greedy_default,P2 기존 2회·15km/h,114593,2025-11-24T19:13:38,3649,구룡역 5번 출구,4,0,-1,worsened,true,2025-11-24T13:00:00,373.633,false,5,10,5,2358
greedy_default,P2 기존 2회·15km/h,114721,2025-11-24T19:29:27,2360,도곡1동 주민센터 교차로,7,0,1,improved,true,2025-11-24T12:00:00,449.45,false,5,11,6,2368
greedy_default,P2 기존 2회·15km/h,115537,2025-11-24T19:54:27,2410,포스코피앤에스타워 (역삼역 3번출구 부근),10,0,4,improved,true,2025-11-24T03:00:00,1014.45,false,5,14,9,4915
greedy_default,P2 기존 2회·15km/h,114875,2025-11-24T19:55:11,3649,구룡역 5번 출구,3,0,-1,worsened,true,2025-11-24T13:00:00,415.183,false,5,10,5,2358
greedy_default,P2 기존 2회·15km/h,114949,2025-11-24T19:57:26,2410,포스코피앤에스타워 (역삼역 3번출구 부근),9,0,4,improved,true,2025-11-24T03:00:00,1017.433,false,5,14,9,4915
greedy_default,P2 기존 2회·15km/h,115303,2025-11-24T20:04:32,2410,포스코피앤에스타워 (역삼역 3번출구 부근),8,0,4,improved,true,2025-11-24T03:00:00,1024.533,false,5,14,9,4915
greedy_default,P2 기존 2회·15km/h,115049,2025-11-24T20:35:11,3649,구룡역 5번 출구,2,0,-1,worsened,true,2025-11-24T13:00:00,455.183,false,5,10,5,2358
greedy_default,P2 기존 2회·15km/h,115243,2025-11-24T21:10:06,2410,포스코피앤에스타워 (역삼역 3번출구 부근),7,0,4,improved,true,2025-11-24T03:00:00,1090.1,false,5,14,9,4915
greedy_default,P2 기존 2회·15km/h,115236,2025-11-24T21:13:50,2410,포스코피앤에스타워 (역삼역 3번출구 부근),6,0,4,improved,true,2025-11-24T03:00:00,1093.833,false,5,14,9,4915
greedy_default,P2 기존 2회·15km/h,115330,2025-11-24T21:48:07,3649,구룡역 5번 출구,1,0,-1,worsened,true,2025-11-24T13:00:00,528.117,false,5,10,5,2358
greedy_default,P2 기존 2회·15km/h,115626,2025-11-24T21:51:24,2410,포스코피앤에스타워 (역삼역 3번출구 부근),5,0,4,improved,true,2025-11-24T03:00:00,1131.4,false,5,14,9,4915
greedy_default,P2 기존 2회·15km/h,115441,2025-11-24T21:52:09,2410,포스코피앤에스타워 (역삼역 3번출구 부근),4,0,4,improved,true,2025-11-24T03:00:00,1132.15,false,5,14,9,4915
greedy_default,P2 기존 2회·15km/h,115542,2025-11-24T22:08:06,2410,포스코피앤에스타워 (역삼역 3번출구 부근),3,0,4,improved,true,2025-11-24T03:00:00,1148.1,false,5,14,9,4915
greedy_default,P2 기존 2회·15km/h,115663,2025-11-24T23:42:13,2430,강남파이낸스센터앞(역삼역2번출구),1,0,10,improved,false,,,false,,,,
greedy_default,P2 기존 2회·15km/h,115718,2025-11-25T00:01:05,2360,도곡1동 주민센터 교차로,6,0,1,improved,true,2025-11-24T12:00:00,721.083,false,5,11,6,2368
greedy_default,P2 기존 2회·15km/h,115772,2025-11-25T00:55:00,2360,도곡1동 주민센터 교차로,5,0,1,improved,true,2025-11-24T12:00:00,775.0,false,5,11,6,2368
greedy_default,P2 기존 2회·15km/h,115771,2025-11-25T00:55:25,2410,포스코피앤에스타워 (역삼역 3번출구 부근),2,0,4,improved,true,2025-11-24T03:00:00,1315.417,false,5,14,9,4915
greedy_default,P2 기존 2회·15km/h,115839,2025-11-25T01:11:58,2410,포스코피앤에스타워 (역삼역 3번출구 부근),1,0,4,improved,true,2025-11-24T03:00:00,1331.967,false,5,14,9,4915
greedy_default,P2 기존 2회·15km/h,115970,2025-11-25T05:39:08,4937,개포래미안포레스트126동 앞,1,0,1,improved,false,,,false,,,,
greedy_default,P2 기존 2회·15km/h,116137,2025-11-25T08:46:45,2328,르네상스 호텔 사거리 역삼지하보도 7번출구 앞,2,0,21,improved,true,2025-11-24T18:00:00,886.75,false,5,12,7,2398
greedy_default,P2 기존 2회·15km/h,116115,2025-11-25T08:49:47,3646,선정릉역 4번 출구,1,0,17,improved,false,,,false,,,,
greedy_default,P2 기존 2회·15km/h,116376,2025-11-25T11:38:27,2332,선릉역3번출구,14,0,37,improved,true,2025-11-24T21:00:00,878.45,false,4,9,5,2329
greedy_default,P2 기존 2회·15km/h,116428,2025-11-25T11:59:01,2332,선릉역3번출구,13,0,37,improved,true,2025-11-24T21:00:00,899.017,false,4,9,5,2329
greedy_default,P2 기존 2회·15km/h,117526,2025-11-25T16:43:34,2407,역삼서초삼성 세무서 앞 (역삼빌딩 앞,10,0,-5,worsened,true,2025-11-25T03:00:00,823.567,false,5,13,8,2430
greedy_default,P2 기존 2회·15km/h,117357,2025-11-25T17:21:07,2407,역삼서초삼성 세무서 앞 (역삼빌딩 앞,9,0,-5,worsened,true,2025-11-25T03:00:00,861.117,false,5,13,8,2430
greedy_default,P2 기존 2회·15km/h,117333,2025-11-25T17:28:03,2407,역삼서초삼성 세무서 앞 (역삼빌딩 앞,8,0,-5,worsened,true,2025-11-25T03:00:00,868.05,false,5,13,8,2430
greedy_default,P2 기존 2회·15km/h,117462,2025-11-25T17:49:40,2407,역삼서초삼성 세무서 앞 (역삼빌딩 앞,8,0,-5,worsened,true,2025-11-25T03:00:00,889.667,false,5,13,8,2430
greedy_default,P2 기존 2회·15km/h,117585,2025-11-25T18:16:28,2385,학동역,5,0,7,improved,true,2025-11-24T05:00:00,2236.467,false,5,17,12,4924
greedy_default,P2 기존 2회·15km/h,117587,2025-11-25T18:17:25,4906,섬유센터 앞,1,0,18,improved,false,,,false,,,,
greedy_default,P2 기존 2회·15km/h,117883,2025-11-25T18:17:59,2407,역삼서초삼성 세무서 앞 (역삼빌딩 앞,10,0,-5,worsened,true,2025-11-25T03:00:00,917.983,false,5,13,8,2430
greedy_default,P2 기존 2회·15km/h,117822,2025-11-25T18:21:05,2348,포스코사거리(기업은행),10,0,40,improved,true,2025-11-25T12:00:00,381.083,false,5,23,18,2332
greedy_default,P2 기존 2회·15km/h,117612,2025-11-25T18:22:47,2348,포스코사거리(기업은행),9,0,40,improved,true,2025-11-25T12:00:00,382.783,false,5,23,18,2332
greedy_default,P2 기존 2회·15km/h,117811,2025-11-25T18:25:18,2348,포스코사거리(기업은행),8,0,40,improved,true,2025-11-25T12:00:00,385.3,false,5,23,18,2332
greedy_default,P2 기존 2회·15km/h,117898,2025-11-25T18:36:27,2348,포스코사거리(기업은행),7,0,40,improved,true,2025-11-25T12:00:00,396.45,false,5,23,18,2332
greedy_default,P2 기존 2회·15km/h,117751,2025-11-25T18:40:35,2348,포스코사거리(기업은행),6,0,40,improved,true,2025-11-25T12:00:00,400.583,false,5,23,18,2332
greedy_default,P2 기존 2회·15km/h,118226,2025-11-25T18:40:43,2348,포스코사거리(기업은행),5,0,40,improved,true,2025-11-25T12:00:00,400.717,false,5,23,18,2332
greedy_default,P2 기존 2회·15km/h,118018,2025-11-25T18:40:47,2348,포스코사거리(기업은행),4,0,40,improved,true,2025-11-25T12:00:00,400.783,false,5,23,18,2332
greedy_default,P2 기존 2회·15km/h,117977,2025-11-25T19:06:52,2407,역삼서초삼성 세무서 앞 (역삼빌딩 앞,9,0,-5,worsened,true,2025-11-25T03:00:00,966.867,false,5,13,8,2430
greedy_default,P2 기존 2회·15km/h,118055,2025-11-25T19:08:28,2407,역삼서초삼성 세무서 앞 (역삼빌딩 앞,8,0,-5,worsened,true,2025-11-25T03:00:00,968.467,false,5,13,8,2430
greedy_default,P2 기존 2회·15km/h,118034,2025-11-25T19:10:42,2348,포스코사거리(기업은행),2,0,40,improved,true,2025-11-25T12:00:00,430.7,false,5,23,18,2332
greedy_default,P2 기존 2회·15km/h,117972,2025-11-25T19:14:03,2407,역삼서초삼성 세무서 앞 (역삼빌딩 앞,7,0,-5,worsened,true,2025-11-25T03:00:00,974.05,false,5,13,8,2430
greedy_default,P2 기존 2회·15km/h,118301,2025-11-25T20:16:42,2407,역삼서초삼성 세무서 앞 (역삼빌딩 앞,6,0,-5,worsened,true,2025-11-25T03:00:00,1036.7,false,5,13,8,2430
greedy_default,P2 기존 2회·15km/h,118562,2025-11-25T20:20:30,2407,역삼서초삼성 세무서 앞 (역삼빌딩 앞,5,0,-5,worsened,true,2025-11-25T03:00:00,1040.5,false,5,13,8,2430
greedy_default,P2 기존 2회·15km/h,118375,2025-11-25T20:27:15,2407,역삼서초삼성 세무서 앞 (역삼빌딩 앞,4,0,-5,worsened,true,2025-11-25T03:00:00,1047.25,false,5,13,8,2430
greedy_default,P2 기존 2회·15km/h,118480,2025-11-25T21:20:53,2407,역삼서초삼성 세무서 앞 (역삼빌딩 앞,3,0,-5,worsened,true,2025-11-25T03:00:00,1100.883,false,5,13,8,2430
greedy_default,P2 기존 2회·15km/h,118465,2025-11-25T21:29:49,2407,역삼서초삼성 세무서 앞 (역삼빌딩 앞,2,0,-5,worsened,true,2025-11-25T03:00:00,1109.817,false,5,13,8,2430
greedy_default,P2 기존 2회·15km/h,118588,2025-11-25T21:47:01,2407,역삼서초삼성 세무서 앞 (역삼빌딩 앞,1,0,-5,worsened,true,2025-11-25T03:00:00,1127.017,false,5,13,8,2430
greedy_default,P2 기존 2회·15km/h,118532,2025-11-25T21:53:27,3614,은마아파트 입구 사거리,4,0,2,improved,true,2025-11-25T06:00:00,953.45,false,4,9,5,3622
greedy_default,P2 기존 2회·15km/h,118711,2025-11-25T22:43:08,3614,은마아파트 입구 사거리,3,0,2,improved,true,2025-11-25T06:00:00,1003.133,false,4,9,5,3622
greedy_default,P2 기존 2회·15km/h,118929,2025-11-26T01:21:12,3614,은마아파트 입구 사거리,2,0,2,improved,true,2025-11-25T06:00:00,1161.2,false,4,9,5,3622
greedy_default,P2 기존 2회·15km/h,118983,2025-11-26T02:33:38,4908,SB타워 앞,14,0,-1,worsened,true,2025-11-25T19:00:00,453.633,false,4,9,5,2347
greedy_default,P2 기존 2회·15km/h,119482,2025-11-26T08:06:11,2394,개포래미안포레스트아파트 107동 앞,3,0,9,improved,true,2025-11-25T14:00:00,1086.183,false,5,11,6,4937
greedy_default,P2 기존 2회·15km/h,119486,2025-11-26T08:11:03,2385,학동역,2,0,7,improved,true,2025-11-24T05:00:00,3071.05,false,5,17,12,4924
greedy_default,P2 기존 2회·15km/h,119564,2025-11-26T08:13:07,4932,개포래미안포레스트 130동 맞은편,4,0,-4,worsened,true,2025-11-26T06:00:00,133.117,false,5,14,9,2392
greedy_default,P2 기존 2회·15km/h,119596,2025-11-26T08:14:26,4932,개포래미안포레스트 130동 맞은편,3,0,-4,worsened,true,2025-11-26T06:00:00,134.433,false,5,14,9,2392
greedy_default,P2 기존 2회·15km/h,119765,2025-11-26T08:40:09,2394,개포래미안포레스트아파트 107동 앞,2,0,9,improved,true,2025-11-25T14:00:00,1120.15,false,5,11,6,4937
greedy_default,P2 기존 2회·15km/h,119939,2025-11-26T08:57:21,4932,개포래미안포레스트 130동 맞은편,2,0,-4,worsened,true,2025-11-26T06:00:00,177.35,false,5,14,9,2392
greedy_default,P2 기존 2회·15km/h,120003,2025-11-26T09:07:13,2394,개포래미안포레스트아파트 107동 앞,1,0,9,improved,true,2025-11-25T14:00:00,1147.217,false,5,11,6,4937
greedy_default,P2 기존 2회·15km/h,120136,2025-11-26T09:21:53,4932,개포래미안포레스트 130동 맞은편,1,0,-4,worsened,true,2025-11-26T06:00:00,201.883,false,5,14,9,2392
greedy_default,P2 기존 2회·15km/h,120166,2025-11-26T09:47:35,2339,현대아파트 정문 앞,1,0,0,tied,true,2025-11-25T15:00:00,1127.583,false,5,12,7,4931
greedy_default,P2 기존 2회·15km/h,120392,2025-11-26T10:57:31,3604,삼성중앙역 5번출구,1,0,7,improved,true,2025-11-25T20:00:00,897.517,false,5,11,6,2348
greedy_default,P2 기존 2회·15km/h,120457,2025-11-26T11:40:37,2418,봉은사역 7번 출구,2,0,9,improved,true,2025-11-25T22:00:00,820.617,false,5,12,7,2312
greedy_default,P2 기존 2회·15km/h,121021,2025-11-26T14:42:53,2418,봉은사역 7번 출구,1,0,9,improved,true,2025-11-25T22:00:00,1002.883,false,5,12,7,2312
greedy_default,P2 기존 2회·15km/h,121335,2025-11-26T15:34:16,2416,한티역 6번 출구,5,0,-5,worsened,true,2025-11-25T09:00:00,1834.267,false,5,13,8,2328
greedy_default,P2 기존 2회·15km/h,121233,2025-11-26T15:50:41,2416,한티역 6번 출구,4,0,-5,worsened,true,2025-11-25T09:00:00,1850.683,false,5,13,8,2328
greedy_default,P2 기존 2회·15km/h,121292,2025-11-26T16:01:39,2420,학여울역 사거리(LG베스트샵 앞),6,0,-4,worsened,true,2025-11-24T10:00:00,3241.65,false,5,11,6,2321
greedy_default,P2 기존 2회·15km/h,121324,2025-11-26T16:09:35,2420,학여울역 사거리(LG베스트샵 앞),5,0,-4,worsened,true,2025-11-24T10:00:00,3249.583,false,5,11,6,2321
greedy_default,P2 기존 2회·15km/h,121347,2025-11-26T16:21:25,2420,학여울역 사거리(LG베스트샵 앞),4,0,-4,worsened,true,2025-11-24T10:00:00,3261.417,false,5,11,6,2321
greedy_default,P2 기존 2회·15km/h,121498,2025-11-26T16:30:33,2416,한티역 6번 출구,3,0,-5,worsened,true,2025-11-25T09:00:00,1890.55,false,5,13,8,2328
greedy_default,P2 기존 2회·15km/h,121620,2025-11-26T17:03:38,3616,역삼중학교 앞(체육관 방향),11,0,-1,worsened,true,2025-11-26T01:00:00,963.633,false,5,10,5,2331
greedy_default,P2 기존 2회·15km/h,122112,2025-11-26T17:44:38,3640,일원1동주민센터앞 사거리,8,0,-1,worsened,true,2025-11-26T13:00:00,284.633,false,5,13,8,2341
greedy_default,P2 기존 2회·15km/h,122079,2025-11-26T18:05:45,3602,한국지역난방공사강남지사,4,0,-4,worsened,true,2025-11-26T14:00:00,245.75,false,5,12,7,2351
greedy_default,P2 기존 2회·15km/h,122078,2025-11-26T18:05:51,3602,한국지역난방공사강남지사,3,0,-4,worsened,true,2025-11-26T14:00:00,245.85,false,5,12,7,2351
greedy_default,P2 기존 2회·15km/h,122065,2025-11-26T18:07:26,3602,한국지역난방공사강남지사,2,0,-4,worsened,true,2025-11-26T14:00:00,247.433,false,5,12,7,2351
greedy_default,P2 기존 2회·15km/h,122077,2025-11-26T18:07:40,3602,한국지역난방공사강남지사,1,0,-4,worsened,true,2025-11-26T14:00:00,247.667,false,5,12,7,2351
greedy_default,P2 기존 2회·15km/h,122067,2025-11-26T18:09:53,3651,개포동역 4번출구,1,0,-1,worsened,false,,,false,,,,
greedy_default,P2 기존 2회·15km/h,122179,2025-11-26T18:09:58,3640,일원1동주민센터앞 사거리,7,0,-1,worsened,true,2025-11-26T13:00:00,309.967,false,5,13,8,2341
greedy_default,P2 기존 2회·15km/h,122458,2025-11-26T18:33:01,2336,강남세브란스교차로 래미안그레이튼 104동 앞,4,0,0,tied,true,2025-11-25T15:00:00,1653.017,false,5,10,5,4902
greedy_default,P2 기존 2회·15km/h,122813,2025-11-26T18:52:46,2305,MCM 본사 직영점 앞,37,0,-7,worsened,true,2025-11-26T10:00:00,532.767,false,4,9,5,2353
greedy_default,P2 기존 2회·15km/h,122871,2025-11-26T18:54:26,2305,MCM 본사 직영점 앞,36,0,-7,worsened,true,2025-11-26T10:00:00,534.433,false,4,9,5,2353
greedy_default,P2 기존 2회·15km/h,122684,2025-11-26T18:56:47,2336,강남세브란스교차로 래미안그레이튼 104동 앞,3,0,0,tied,true,2025-11-25T15:00:00,1676.783,false,5,10,5,4902
greedy_default,P2 기존 2회·15km/h,122752,2025-11-26T19:25:01,2427,개포고등학교 정문앞,2,0,-2,worsened,false,,,false,,,,
greedy_default,P2 기존 2회·15km/h,122943,2025-11-26T19:48:26,2305,MCM 본사 직영점 앞,35,0,-7,worsened,true,2025-11-26T10:00:00,588.433,false,4,9,5,2353
greedy_default,P2 기존 2회·15km/h,123927,2025-11-27T05:02:43,3640,일원1동주민센터앞 사거리,4,0,-1,worsened,true,2025-11-26T13:00:00,962.717,false,5,13,8,2341
greedy_default,P2 기존 2회·15km/h,124001,2025-11-27T06:22:07,2401,밀알학교 입구 (삼성서울병원 입구),1,0,11,improved,true,2025-11-25T08:00:00,2782.117,false,4,9,5,3644
greedy_default,P2 기존 2회·15km/h,124007,2025-11-27T06:30:36,2427,개포고등학교 정문앞,1,0,-2,worsened,false,,,false,,,,
greedy_default,P2 기존 2회·15km/h,124529,2025-11-27T08:40:24,3640,일원1동주민센터앞 사거리,4,0,-1,worsened,true,2025-11-26T13:00:00,1180.4,false,5,13,8,2341
greedy_default,P2 기존 2회·15km/h,124600,2025-11-27T08:48:16,3640,일원1동주민센터앞 사거리,3,0,-1,worsened,true,2025-11-26T13:00:00,1188.267,false,5,13,8,2341
greedy_default,P2 기존 2회·15km/h,125457,2025-11-27T17:38:24,3614,은마아파트 입구 사거리,1,0,2,improved,true,2025-11-26T23:00:00,1118.4,false,5,13,8,2326
greedy_default,P2 기존 2회·15km/h,125422,2025-11-27T17:58:29,4902,구역삼세무서 교차로,4,0,-2,worsened,true,2025-11-27T15:00:00,178.483,false,5,10,5,4909
greedy_default,P2 기존 2회·15km/h,125576,2025-11-27T18:13:54,4902,구역삼세무서 교차로,3,0,-2,worsened,true,2025-11-27T15:00:00,193.9,false,5,10,5,4909
greedy_default,P2 기존 2회·15km/h,125527,2025-11-27T18:17:34,4902,구역삼세무서 교차로,2,0,-2,worsened,true,2025-11-27T15:00:00,197.567,false,5,10,5,4909
greedy_default,P2 기존 2회·15km/h,125577,2025-11-27T18:26:41,4926,대치우성아파트 사거리,3,0,-3,worsened,false,,,false,,,,
greedy_default,P2 기존 2회·15km/h,125602,2025-11-27T18:29:37,4926,대치우성아파트 사거리,2,0,-3,worsened,false,,,false,,,,
greedy_default,P2 기존 2회·15km/h,125632,2025-11-27T18:30:27,4926,대치우성아파트 사거리,1,0,-3,worsened,false,,,false,,,,
greedy_default,P2 기존 2회·15km/h,125666,2025-11-27T18:33:54,4902,구역삼세무서 교차로,1,0,-2,worsened,true,2025-11-27T15:00:00,213.9,false,5,10,5,4909
greedy_default,P2 기존 2회·15km/h,126129,2025-11-27T20:45:44,3609,언주초등학교 입구,23,0,-2,worsened,true,2025-11-26T15:00:00,1785.733,false,5,12,7,2333
greedy_default,P2 기존 2회·15km/h,126316,2025-11-27T22:03:07,3641,대청역,4,0,-1,worsened,true,2025-11-27T16:00:00,363.117,false,5,17,12,2423
greedy_default,P2 기존 2회·15km/h,126393,2025-11-27T22:13:09,3609,언주초등학교 입구,21,0,-2,worsened,true,2025-11-26T15:00:00,1873.15,false,5,12,7,2333
greedy_default,P2 기존 2회·15km/h,126470,2025-11-27T23:12:25,3641,대청역,3,0,-1,worsened,true,2025-11-27T16:00:00,432.417,false,5,17,12,2423
greedy_default,P2 기존 2회·15km/h,126831,2025-11-28T06:50:50,2387,래미안강남힐즈 사거리,5,0,1,improved,true,2025-11-25T05:00:00,4430.833,false,5,17,12,3642
greedy_default,P2 기존 2회·15km/h,126850,2025-11-28T07:08:24,2387,래미안강남힐즈 사거리,4,0,1,improved,true,2025-11-25T05:00:00,4448.4,false,5,17,12,3642
greedy_default,P2 기존 2회·15km/h,126921,2025-11-28T07:30:51,2387,래미안강남힐즈 사거리,3,0,1,improved,true,2025-11-25T05:00:00,4470.85,false,5,17,12,3642
greedy_default,P2 기존 2회·15km/h,127766,2025-11-28T09:15:28,4935,도곡삼성래미안,4,0,-4,worsened,true,2025-11-25T23:00:00,3495.467,false,5,14,9,2336
greedy_default,P2 기존 2회·15km/h,127640,2025-11-28T09:41:35,2384,자곡사거리,2,0,-4,worsened,true,2025-11-28T08:00:00,101.583,false,5,18,13,2387
greedy_default,P2 기존 2회·15km/h,127754,2025-11-28T10:32:48,2384,자곡사거리,2,0,-4,worsened,true,2025-11-28T08:00:00,152.8,false,5,18,13,2387
greedy_default,P2 기존 2회·15km/h,127869,2025-11-28T10:46:25,2384,자곡사거리,1,0,-4,worsened,true,2025-11-28T08:00:00,166.417,false,5,18,13,2387
greedy_default,P2 기존 2회·15km/h,127842,2025-11-28T11:13:43,2422,수서동 성당 맞은편,8,0,-3,worsened,true,2025-11-27T01:00:00,2053.717,false,5,15,10,2341
greedy_default,P2 기존 2회·15km/h,127999,2025-11-28T12:18:12,4935,도곡삼성래미안,3,0,-4,worsened,true,2025-11-25T23:00:00,3678.2,false,5,14,9,2336
greedy_default,P2 기존 2회·15km/h,128116,2025-11-28T12:54:14,2422,수서동 성당 맞은편,7,0,-3,worsened,true,2025-11-27T01:00:00,2154.233,false,5,15,10,2341
greedy_default,P2 기존 2회·15km/h,128130,2025-11-28T12:56:45,2384,자곡사거리,1,0,-4,worsened,true,2025-11-28T08:00:00,296.75,false,5,18,13,2387
greedy_default,P2 기존 2회·15km/h,128340,2025-11-28T14:03:58,4935,도곡삼성래미안,2,0,-4,worsened,true,2025-11-25T23:00:00,3783.967,false,5,14,9,2336
greedy_default,P2 기존 2회·15km/h,128327,2025-11-28T14:08:45,2308,압구정파출소 앞,29,0,-1,worsened,true,2025-11-28T08:00:00,368.75,false,5,12,7,2353
greedy_default,P2 기존 2회·15km/h,128388,2025-11-28T14:25:41,4935,도곡삼성래미안,1,0,-4,worsened,true,2025-11-25T23:00:00,3805.683,false,5,14,9,2336
greedy_default,P2 기존 2회·15km/h,128485,2025-11-28T14:40:01,2420,학여울역 사거리(LG베스트샵 앞),3,0,-4,worsened,true,2025-11-24T10:00:00,6040.017,false,5,11,6,2321
greedy_default,P2 기존 2회·15km/h,128951,2025-11-28T15:49:13,2416,한티역 6번 출구,3,0,-5,worsened,true,2025-11-27T20:00:00,1189.217,false,5,12,7,2328
greedy_default,P2 기존 2회·15km/h,128748,2025-11-28T16:05:02,2422,수서동 성당 맞은편,6,0,-3,worsened,true,2025-11-27T01:00:00,2345.033,false,5,15,10,2341
greedy_default,P2 기존 2회·15km/h,128931,2025-11-28T16:51:08,2389,경기여자고등학교 후문 (삼성로3길 입구),1,0,0,tied,true,2025-11-27T16:00:00,1491.133,false,5,14,9,2373
greedy_default,P2 기존 2회·15km/h,129022,2025-11-28T16:54:04,2409,역삼동 디오슈페리움 (우성아파트 사거리),10,0,-7,worsened,true,2025-11-28T03:00:00,834.067,false,4,9,5,2398
greedy_default,P2 기존 2회·15km/h,129127,2025-11-28T17:04:24,2359,"국립국악중,고교 정문 맞은편",14,0,-4,worsened,true,2025-11-28T13:00:00,244.4,false,5,13,8,2358
greedy_default,P2 기존 2회·15km/h,129002,2025-11-28T17:05:15,2359,"국립국악중,고교 정문 맞은편",13,0,-4,worsened,true,2025-11-28T13:00:00,245.25,false,5,13,8,2358
greedy_default,P2 기존 2회·15km/h,129028,2025-11-28T17:07:26,2409,역삼동 디오슈페리움 (우성아파트 사거리),9,0,-7,worsened,true,2025-11-28T03:00:00,847.433,false,4,9,5,2398
greedy_default,P2 기존 2회·15km/h,129128,2025-11-28T17:07:27,2359,"국립국악중,고교 정문 맞은편",13,0,-4,worsened,true,2025-11-28T13:00:00,247.45,false,5,13,8,2358
greedy_default,P2 기존 2회·15km/h,129321,2025-11-28T17:31:05,2416,한티역 6번 출구,2,0,-5,worsened,true,2025-11-27T20:00:00,1291.083,false,5,12,7,2328
greedy_default,P2 기존 2회·15km/h,129312,2025-11-28T17:44:02,2409,역삼동 디오슈페리움 (우성아파트 사거리),8,0,-7,worsened,true,2025-11-28T03:00:00,884.033,false,4,9,5,2398
greedy_default,P2 기존 2회·15km/h,129401,2025-11-28T17:58:00,2359,"국립국악중,고교 정문 맞은편",12,0,-4,worsened,true,2025-11-28T13:00:00,298.0,false,5,13,8,2358
greedy_default,P2 기존 2회·15km/h,129636,2025-11-28T18:21:12,2305,MCM 본사 직영점 앞,36,0,-7,worsened,true,2025-11-28T14:00:00,261.2,false,2,7,5,2353
greedy_default,P2 기존 2회·15km/h,129639,2025-11-28T18:21:13,2305,MCM 본사 직영점 앞,35,0,-7,worsened,true,2025-11-28T14:00:00,261.217,false,2,7,5,2353
greedy_default,P2 기존 2회·15km/h,129635,2025-11-28T18:21:17,2305,MCM 본사 직영점 앞,34,0,-7,worsened,true,2025-11-28T14:00:00,261.283,false,2,7,5,2353
greedy_default,P2 기존 2회·15km/h,129637,2025-11-28T18:21:26,2305,MCM 본사 직영점 앞,33,0,-7,worsened,true,2025-11-28T14:00:00,261.433,false,2,7,5,2353
greedy_default,P2 기존 2회·15km/h,129697,2025-11-28T18:22:38,2409,역삼동 디오슈페리움 (우성아파트 사거리),7,0,-7,worsened,true,2025-11-28T03:00:00,922.633,false,4,9,5,2398
greedy_default,P2 기존 2회·15km/h,129892,2025-11-28T18:53:14,2409,역삼동 디오슈페리움 (우성아파트 사거리),6,0,-7,worsened,true,2025-11-28T03:00:00,953.233,false,4,9,5,2398
greedy_default,P2 기존 2회·15km/h,129933,2025-11-28T19:05:37,2364,도산공원교차로,15,0,-2,worsened,true,2025-11-28T17:00:00,125.617,false,5,10,5,2353
greedy_default,P2 기존 2회·15km/h,130309,2025-11-28T20:11:13,2364,도산공원교차로,14,0,-2,worsened,true,2025-11-28T17:00:00,191.217,false,5,10,5,2353
greedy_default,P2 기존 2회·15km/h,130300,2025-11-28T20:22:04,2409,역삼동 디오슈페리움 (우성아파트 사거리),5,0,-7,worsened,true,2025-11-28T03:00:00,1042.067,false,4,9,5,2398
greedy_default,P2 기존 2회·15km/h,130497,2025-11-28T21:32:09,2409,역삼동 디오슈페리움 (우성아파트 사거리),4,0,-7,worsened,true,2025-11-28T03:00:00,1112.15,false,4,9,5,2398
greedy_service,P2 서비스 3회·20km/h,111171,2025-11-24T07:47:55,4931,디에이치퍼스티어아이파크 124동 앞,4,0,10,improved,true,2025-11-24T07:00:00,47.917,true,4,12,8,4932
greedy_service,P2 서비스 3회·20km/h,111114,2025-11-24T07:48:36,4931,디에이치퍼스티어아이파크 124동 앞,3,0,10,improved,true,2025-11-24T07:00:00,48.6,true,4,12,8,4932
greedy_service,P2 서비스 3회·20km/h,111188,2025-11-24T07:59:23,3604,삼성중앙역 5번출구,5,0,15,improved,true,2025-11-24T00:00:00,479.383,false,5,10,5,2380
greedy_service,P2 서비스 3회·20km/h,111226,2025-11-24T08:01:17,3604,삼성중앙역 5번출구,4,0,15,improved,true,2025-11-24T00:00:00,481.283,false,5,10,5,2380
greedy_service,P2 서비스 3회·20km/h,111340,2025-11-24T08:19:20,4931,디에이치퍼스티어아이파크 124동 앞,2,0,10,improved,true,2025-11-24T07:00:00,79.333,false,4,12,8,4932
greedy_service,P2 서비스 3회·20km/h,111333,2025-11-24T08:20:20,4931,디에이치퍼스티어아이파크 124동 앞,1,0,10,improved,true,2025-11-24T07:00:00,80.333,false,4,12,8,4932
greedy_service,P2 서비스 3회·20km/h,111669,2025-11-24T08:51:59,2341,일원역 4~5번 출구 사이,4,0,33,improved,true,2025-11-24T04:00:00,291.983,false,4,11,7,2401
greedy_service,P2 서비스 3회·20km/h,111697,2025-11-24T08:55:28,2307,압구정 한양 3차 아파트,4,0,19,improved,true,2025-11-24T02:00:00,415.467,false,4,9,5,3627
greedy_service,P2 서비스 3회·20km/h,111918,2025-11-24T09:39:07,3622,은마아파트입구 사거리(1),5,0,2,improved,true,2025-11-24T00:00:00,579.117,false,5,10,5,2326
greedy_service,P2 서비스 3회·20km/h,111955,2025-11-24T09:42:47,2321,학여울역 사거리,4,0,-1,worsened,true,2025-11-24T04:00:00,342.783,false,4,9,5,4919
greedy_service,P2 서비스 3회·20km/h,113664,2025-11-24T17:02:41,2388,강남구 도시관리공단,5,0,41,improved,true,2025-11-24T05:00:00,722.683,false,4,11,7,3636
greedy_service,P2 서비스 3회·20km/h,113920,2025-11-24T18:04:27,2352,서울본부세관(건설회관 앞),5,0,35,improved,true,2025-11-24T09:00:00,544.45,false,5,15,10,2353
greedy_service,P2 서비스 3회·20km/h,114022,2025-11-24T18:04:38,2352,서울본부세관(건설회관 앞),4,0,35,improved,true,2025-11-24T09:00:00,544.633,false,5,15,10,2353
greedy_service,P2 서비스 3회·20km/h,114492,2025-11-24T18:07:15,2352,서울본부세관(건설회관 앞),3,0,35,improved,true,2025-11-24T09:00:00,547.25,false,5,15,10,2353
greedy_service,P2 서비스 3회·20km/h,114216,2025-11-24T18:09:12,2352,서울본부세관(건설회관 앞),2,0,35,improved,true,2025-11-24T09:00:00,549.2,false,5,15,10,2353
greedy_service,P2 서비스 3회·20km/h,114060,2025-11-24T18:19:02,2328,르네상스 호텔 사거리 역삼지하보도 7번출구 앞,13,0,17,improved,true,2025-11-24T07:00:00,679.033,false,4,10,6,2329
greedy_service,P2 서비스 3회·20km/h,114157,2025-11-24T18:21:25,2360,도곡1동 주민센터 교차로,9,0,2,improved,true,2025-11-24T12:00:00,381.417,false,5,11,6,2368
greedy_service,P2 서비스 3회·20km/h,114181,2025-11-24T18:30:59,2352,서울본부세관(건설회관 앞),1,0,35,improved,true,2025-11-24T09:00:00,570.983,false,5,15,10,2353
greedy_service,P2 서비스 3회·20km/h,114230,2025-11-24T18:31:36,2360,도곡1동 주민센터 교차로,8,0,2,improved,true,2025-11-24T12:00:00,391.6,false,5,11,6,2368
greedy_service,P2 서비스 3회·20km/h,114217,2025-11-24T18:36:32,2328,르네상스 호텔 사거리 역삼지하보도 7번출구 앞,12,0,17,improved,true,2025-11-24T07:00:00,696.533,false,4,10,6,2329
greedy_service,P2 서비스 3회·20km/h,115074,2025-11-24T18:37:52,2328,르네상스 호텔 사거리 역삼지하보도 7번출구 앞,11,0,17,improved,true,2025-11-24T07:00:00,697.867,false,4,10,6,2329
greedy_service,P2 서비스 3회·20km/h,114320,2025-11-24T18:44:27,2347,두산건설 본사,5,0,29,improved,true,2025-11-24T15:00:00,224.45,false,5,11,6,2371
greedy_service,P2 서비스 3회·20km/h,114378,2025-11-24T18:49:16,2328,르네상스 호텔 사거리 역삼지하보도 7번출구 앞,10,0,17,improved,true,2025-11-24T07:00:00,709.267,false,4,10,6,2329
greedy_service,P2 서비스 3회·20km/h,114645,2025-11-24T18:53:42,2328,르네상스 호텔 사거리 역삼지하보도 7번출구 앞,9,0,17,improved,true,2025-11-24T07:00:00,713.7,false,4,10,6,2329
greedy_service,P2 서비스 3회·20km/h,114426,2025-11-24T18:53:49,2328,르네상스 호텔 사거리 역삼지하보도 7번출구 앞,8,0,17,improved,true,2025-11-24T07:00:00,713.817,false,4,10,6,2329
greedy_service,P2 서비스 3회·20km/h,114721,2025-11-24T19:29:27,2360,도곡1동 주민센터 교차로,7,0,2,improved,true,2025-11-24T12:00:00,449.45,false,5,11,6,2368
greedy_service,P2 서비스 3회·20km/h,115537,2025-11-24T19:54:27,2410,포스코피앤에스타워 (역삼역 3번출구 부근),10,0,26,improved,true,2025-11-24T02:00:00,1074.45,false,5,14,9,4915
greedy_service,P2 서비스 3회·20km/h,114949,2025-11-24T19:57:26,2410,포스코피앤에스타워 (역삼역 3번출구 부근),9,0,26,improved,true,2025-11-24T02:00:00,1077.433,false,5,14,9,4915
greedy_service,P2 서비스 3회·20km/h,115303,2025-11-24T20:04:32,2410,포스코피앤에스타워 (역삼역 3번출구 부근),8,0,26,improved,true,2025-11-24T02:00:00,1084.533,false,5,14,9,4915
greedy_service,P2 서비스 3회·20km/h,115049,2025-11-24T20:35:11,3649,구룡역 5번 출구,2,0,3,improved,false,,,false,,,,
greedy_service,P2 서비스 3회·20km/h,115243,2025-11-24T21:10:06,2410,포스코피앤에스타워 (역삼역 3번출구 부근),7,0,26,improved,true,2025-11-24T02:00:00,1150.1,false,5,14,9,4915
greedy_service,P2 서비스 3회·20km/h,115236,2025-11-24T21:13:50,2410,포스코피앤에스타워 (역삼역 3번출구 부근),6,0,26,improved,true,2025-11-24T02:00:00,1153.833,false,5,14,9,4915
greedy_service,P2 서비스 3회·20km/h,115330,2025-11-24T21:48:07,3649,구룡역 5번 출구,1,0,3,improved,false,,,false,,,,
greedy_service,P2 서비스 3회·20km/h,115626,2025-11-24T21:51:24,2410,포스코피앤에스타워 (역삼역 3번출구 부근),5,0,26,improved,true,2025-11-24T02:00:00,1191.4,false,5,14,9,4915
greedy_service,P2 서비스 3회·20km/h,115441,2025-11-24T21:52:09,2410,포스코피앤에스타워 (역삼역 3번출구 부근),4,0,26,improved,true,2025-11-24T02:00:00,1192.15,false,5,14,9,4915
greedy_service,P2 서비스 3회·20km/h,115718,2025-11-25T00:01:05,2360,도곡1동 주민센터 교차로,6,0,2,improved,true,2025-11-24T12:00:00,721.083,false,5,11,6,2368
greedy_service,P2 서비스 3회·20km/h,115772,2025-11-25T00:55:00,2360,도곡1동 주민센터 교차로,5,0,2,improved,true,2025-11-24T12:00:00,775.0,false,5,11,6,2368
greedy_service,P2 서비스 3회·20km/h,115786,2025-11-25T01:14:35,4914,도심공항타워 앞,5,0,17,improved,true,2025-11-24T08:00:00,1034.583,false,5,14,9,3604
greedy_service,P2 서비스 3회·20km/h,115811,2025-11-25T01:24:07,4914,도심공항타워 앞,4,0,17,improved,true,2025-11-24T08:00:00,1044.117,false,5,14,9,3604
greedy_service,P2 서비스 3회·20km/h,117564,2025-11-25T18:09:05,2348,포스코사거리(기업은행),13,0,47,improved,true,2025-11-25T14:00:00,249.083,false,4,22,18,2332
greedy_service,P2 서비스 3회·20km/h,117756,2025-11-25T18:09:48,2348,포스코사거리(기업은행),12,0,47,improved,true,2025-11-25T14:00:00,249.8,false,4,22,18,2332
greedy_service,P2 서비스 3회·20km/h,117628,2025-11-25T18:12:45,2348,포스코사거리(기업은행),11,0,47,improved,true,2025-11-25T14:00:00,252.75,false,4,22,18,2332
greedy_service,P2 서비스 3회·20km/h,117585,2025-11-25T18:16:28,2385,학동역,5,0,8,improved,true,2025-11-24T03:00:00,2356.467,false,5,17,12,4924
greedy_service,P2 서비스 3회·20km/h,117822,2025-11-25T18:21:05,2348,포스코사거리(기업은행),10,0,47,improved,true,2025-11-25T14:00:00,261.083,false,4,22,18,2332
greedy_service,P2 서비스 3회·20km/h,117612,2025-11-25T18:22:47,2348,포스코사거리(기업은행),9,0,47,improved,true,2025-11-25T14:00:00,262.783,false,4,22,18,2332
greedy_service,P2 서비스 3회·20km/h,117811,2025-11-25T18:25:18,2348,포스코사거리(기업은행),8,0,47,improved,true,2025-11-25T14:00:00,265.3,false,4,22,18,2332
greedy_service,P2 서비스 3회·20km/h,117713,2025-11-25T18:34:04,3616,역삼중학교 앞(체육관 방향),9,0,-1,worsened,true,2025-11-25T00:00:00,1114.067,false,4,9,5,2357
greedy_service,P2 서비스 3회·20km/h,117898,2025-11-25T18:36:27,2348,포스코사거리(기업은행),7,0,47,improved,true,2025-11-25T14:00:00,276.45,false,4,22,18,2332
greedy_service,P2 서비스 3회·20km/h,117751,2025-11-25T18:40:35,2348,포스코사거리(기업은행),6,0,47,improved,true,2025-11-25T14:00:00,280.583,false,4,22,18,2332
greedy_service,P2 서비스 3회·20km/h,118226,2025-11-25T18:40:43,2348,포스코사거리(기업은행),5,0,47,improved,true,2025-11-25T14:00:00,280.717,false,4,22,18,2332
greedy_service,P2 서비스 3회·20km/h,118018,2025-11-25T18:40:47,2348,포스코사거리(기업은행),4,0,47,improved,true,2025-11-25T14:00:00,280.783,false,4,22,18,2332
greedy_service,P2 서비스 3회·20km/h,117972,2025-11-25T19:14:03,2407,역삼서초삼성 세무서 앞 (역삼빌딩 앞,7,0,7,improved,true,2025-11-24T22:00:00,1274.05,false,5,11,6,2410
greedy_service,P2 서비스 3회·20km/h,118037,2025-11-25T19:22:51,3647,구룡역 1번 출구,3,0,8,improved,true,2025-11-24T10:00:00,2002.85,false,5,10,5,2358
greedy_service,P2 서비스 3회·20km/h,118170,2025-11-25T19:55:09,3647,구룡역 1번 출구,2,0,8,improved,true,2025-11-24T10:00:00,2035.15,false,5,10,5,2358
greedy_service,P2 서비스 3회·20km/h,118471,2025-11-25T20:45:39,3614,은마아파트 입구 사거리,8,0,5,improved,true,2025-11-25T15:00:00,345.65,false,4,10,6,3622
greedy_service,P2 서비스 3회·20km/h,118588,2025-11-25T21:47:01,2407,역삼서초삼성 세무서 앞 (역삼빌딩 앞,1,0,7,improved,true,2025-11-24T22:00:00,1427.017,false,5,11,6,2410
greedy_service,P2 서비스 3회·20km/h,118732,2025-11-25T23:04:17,3647,구룡역 1번 출구,1,0,8,improved,true,2025-11-24T10:00:00,2224.283,false,5,10,5,2358
greedy_service,P2 서비스 3회·20km/h,119446,2025-11-26T07:56:07,2332,선릉역3번출구,5,0,39,improved,true,2025-11-26T02:00:00,356.117,false,4,9,5,2398
greedy_service,P2 서비스 3회·20km/h,119419,2025-11-26T07:59:29,2332,선릉역3번출구,4,0,39,improved,true,2025-11-26T02:00:00,359.483,false,4,9,5,2398
greedy_service,P2 서비스 3회·20km/h,119470,2025-11-26T08:01:45,2394,개포래미안포레스트아파트 107동 앞,4,0,15,improved,true,2025-11-25T09:00:00,1381.75,false,5,14,9,4931
greedy_service,P2 서비스 3회·20km/h,119482,2025-11-26T08:06:11,2394,개포래미안포레스트아파트 107동 앞,3,0,15,improved,true,2025-11-25T09:00:00,1386.183,false,5,14,9,4931
greedy_service,P2 서비스 3회·20km/h,119765,2025-11-26T08:40:09,2394,개포래미안포레스트아파트 107동 앞,2,0,15,improved,true,2025-11-25T09:00:00,1420.15,false,5,14,9,4931
greedy_service,P2 서비스 3회·20km/h,120003,2025-11-26T09:07:13,2394,개포래미안포레스트아파트 107동 앞,1,0,15,improved,true,2025-11-25T09:00:00,1447.217,false,5,14,9,4931
greedy_service,P2 서비스 3회·20km/h,120136,2025-11-26T09:21:53,4932,개포래미안포레스트 130동 맞은편,1,0,-1,worsened,true,2025-11-25T06:00:00,1641.883,false,5,11,6,4937
greedy_service,P2 서비스 3회·20km/h,120457,2025-11-26T11:40:37,2418,봉은사역 7번 출구,2,0,12,improved,true,2025-11-25T22:00:00,820.617,false,5,11,6,2348
greedy_service,P2 서비스 3회·20km/h,121335,2025-11-26T15:34:16,2416,한티역 6번 출구,5,0,-6,worsened,true,2025-11-25T04:00:00,2134.267,false,4,13,9,2331
greedy_service,P2 서비스 3회·20km/h,121233,2025-11-26T15:50:41,2416,한티역 6번 출구,4,0,-6,worsened,true,2025-11-25T04:00:00,2150.683,false,4,13,9,2331
greedy_service,P2 서비스 3회·20km/h,121292,2025-11-26T16:01:39,2420,학여울역 사거리(LG베스트샵 앞),6,0,-4,worsened,true,2025-11-24T10:00:00,3241.65,false,5,11,6,2321
greedy_service,P2 서비스 3회·20km/h,121324,2025-11-26T16:09:35,2420,학여울역 사거리(LG베스트샵 앞),5,0,-4,worsened,true,2025-11-24T10:00:00,3249.583,false,5,11,6,2321
greedy_service,P2 서비스 3회·20km/h,121347,2025-11-26T16:21:25,2420,학여울역 사거리(LG베스트샵 앞),4,0,-4,worsened,true,2025-11-24T10:00:00,3261.417,false,5,11,6,2321
greedy_service,P2 서비스 3회·20km/h,121498,2025-11-26T16:30:33,2416,한티역 6번 출구,3,0,-6,worsened,true,2025-11-25T04:00:00,2190.55,false,4,13,9,2331
greedy_service,P2 서비스 3회·20km/h,121833,2025-11-26T17:42:09,3609,언주초등학교 입구,26,0,-4,worsened,true,2025-11-26T14:00:00,222.15,false,5,10,5,2333
greedy_service,P2 서비스 3회·20km/h,122313,2025-11-26T18:17:06,3609,언주초등학교 입구,25,0,-4,worsened,true,2025-11-26T14:00:00,257.1,false,5,10,5,2333
greedy_service,P2 서비스 3회·20km/h,122458,2025-11-26T18:33:01,2336,강남세브란스교차로 래미안그레이튼 104동 앞,4,0,1,improved,true,2025-11-25T08:00:00,2073.017,false,4,10,6,2328
greedy_service,P2 서비스 3회·20km/h,122684,2025-11-26T18:56:47,2336,강남세브란스교차로 래미안그레이튼 104동 앞,3,0,1,improved,true,2025-11-25T08:00:00,2096.783,false,4,10,6,2328
greedy_service,P2 서비스 3회·20km/h,122635,2025-11-26T19:08:49,2427,개포고등학교 정문앞,4,0,-2,worsened,true,2025-11-25T01:00:00,2528.817,false,1,13,12,3649
greedy_service,P2 서비스 3회·20km/h,122647,2025-11-26T19:09:53,2427,개포고등학교 정문앞,3,0,-2,worsened,true,2025-11-25T01:00:00,2529.883,false,1,13,12,3649
greedy_service,P2 서비스 3회·20km/h,122752,2025-11-26T19:25:01,2427,개포고등학교 정문앞,2,0,-2,worsened,true,2025-11-25T01:00:00,2545.017,false,1,13,12,3649
greedy_service,P2 서비스 3회·20km/h,124712,2025-11-27T09:15:21,4931,디에이치퍼스티어아이파크 124동 앞,1,0,10,improved,true,2025-11-27T06:00:00,195.35,false,5,17,12,2427
greedy_service,P2 서비스 3회·20km/h,125294,2025-11-27T17:08:27,2369,KT선릉타워,2,0,13,improved,true,2025-11-27T09:00:00,488.45,false,4,9,5,2386
greedy_service,P2 서비스 3회·20km/h,125814,2025-11-27T18:04:38,2369,KT선릉타워,2,0,13,improved,true,2025-11-27T09:00:00,544.633,false,4,9,5,2386
greedy_service,P2 서비스 3회·20km/h,125519,2025-11-27T18:13:23,2369,KT선릉타워,1,0,13,improved,true,2025-11-27T09:00:00,553.383,false,4,9,5,2386
greedy_service,P2 서비스 3회·20km/h,125632,2025-11-27T18:30:27,4926,대치우성아파트 사거리,1,0,2,improved,false,,,false,,,,
greedy_service,P2 서비스 3회·20km/h,125921,2025-11-27T19:34:22,2422,수서동 성당 맞은편,13,0,-3,worsened,true,2025-11-27T00:00:00,1174.367,false,4,9,5,2341
greedy_service,P2 서비스 3회·20km/h,126129,2025-11-27T20:45:44,3609,언주초등학교 입구,23,0,-4,worsened,true,2025-11-26T14:00:00,1845.733,false,5,10,5,2333
greedy_service,P2 서비스 3회·20km/h,126393,2025-11-27T22:13:09,3609,언주초등학교 입구,21,0,-4,worsened,true,2025-11-26T14:00:00,1933.15,false,5,10,5,2333
greedy_service,P2 서비스 3회·20km/h,126406,2025-11-27T22:39:16,3649,구룡역 5번 출구,2,0,3,improved,true,2025-11-27T16:00:00,399.267,false,4,9,5,4931
greedy_service,P2 서비스 3회·20km/h,127451,2025-11-28T09:07:29,4935,도곡삼성래미안,5,0,-5,worsened,true,2025-11-28T06:00:00,187.483,false,4,10,6,2328
greedy_service,P2 서비스 3회·20km/h,127766,2025-11-28T09:15:28,4935,도곡삼성래미안,4,0,-5,worsened,true,2025-11-28T06:00:00,195.467,false,4,10,6,2328
greedy_service,P2 서비스 3회·20km/h,127523,2025-11-28T09:20:43,2426,강남한신휴플러스 6단지,1,0,2,improved,true,2025-11-28T06:00:00,200.717,false,4,9,5,2387
greedy_service,P2 서비스 3회·20km/h,127679,2025-11-28T10:10:59,2416,한티역 6번 출구,4,0,-6,worsened,true,2025-11-27T23:00:00,670.983,false,5,11,6,2336
greedy_service,P2 서비스 3회·20km/h,127863,2025-11-28T10:46:57,2387,래미안강남힐즈 사거리,1,0,-1,worsened,true,2025-11-25T17:00:00,3946.95,false,5,12,7,3642
greedy_service,P2 서비스 3회·20km/h,127999,2025-11-28T12:18:12,4935,도곡삼성래미안,3,0,-5,worsened,true,2025-11-28T06:00:00,378.2,false,4,10,6,2328
greedy_service,P2 서비스 3회·20km/h,128116,2025-11-28T12:54:14,2422,수서동 성당 맞은편,7,0,-3,worsened,true,2025-11-27T00:00:00,2214.233,false,4,9,5,2341
greedy_service,P2 서비스 3회·20km/h,128340,2025-11-28T14:03:58,4935,도곡삼성래미안,2,0,-5,worsened,true,2025-11-28T06:00:00,483.967,false,4,10,6,2328
greedy_service,P2 서비스 3회·20km/h,128327,2025-11-28T14:08:45,2308,압구정파출소 앞,29,0,-1,worsened,true,2025-11-28T04:00:00,608.75,false,4,11,7,2353
greedy_service,P2 서비스 3회·20km/h,128388,2025-11-28T14:25:41,4935,도곡삼성래미안,1,0,-5,worsened,true,2025-11-28T06:00:00,505.683,false,4,10,6,2328
greedy_service,P2 서비스 3회·20km/h,128485,2025-11-28T14:40:01,2420,학여울역 사거리(LG베스트샵 앞),3,0,-4,worsened,true,2025-11-24T10:00:00,6040.017,false,5,11,6,2321
greedy_service,P2 서비스 3회·20km/h,128541,2025-11-28T15:09:05,2359,"국립국악중,고교 정문 맞은편",17,0,-2,worsened,true,2025-11-28T08:00:00,429.083,false,5,12,7,2394
greedy_service,P2 서비스 3회·20km/h,128534,2025-11-28T15:10:55,2359,"국립국악중,고교 정문 맞은편",16,0,-2,worsened,true,2025-11-28T08:00:00,430.917,false,5,12,7,2394
greedy_service,P2 서비스 3회·20km/h,128649,2025-11-28T15:38:35,2423,영희초교 사거리(래미안개포루체하임),28,0,-5,worsened,true,2025-11-28T03:00:00,758.583,false,4,12,8,2401
greedy_service,P2 서비스 3회·20km/h,128951,2025-11-28T15:49:13,2416,한티역 6번 출구,3,0,-6,worsened,true,2025-11-27T23:00:00,1009.217,false,5,11,6,2336
greedy_service,P2 서비스 3회·20km/h,128748,2025-11-28T16:05:02,2422,수서동 성당 맞은편,6,0,-3,worsened,true,2025-11-27T00:00:00,2405.033,false,4,9,5,2341
greedy_service,P2 서비스 3회·20km/h,128822,2025-11-28T16:29:37,2423,영희초교 사거리(래미안개포루체하임),27,0,-5,worsened,true,2025-11-28T03:00:00,809.617,false,4,12,8,2401
greedy_service,P2 서비스 3회·20km/h,128931,2025-11-28T16:51:08,2389,경기여자고등학교 후문 (삼성로3길 입구),1,0,4,improved,true,2025-11-27T15:00:00,1551.133,false,4,13,9,3651
greedy_service,P2 서비스 3회·20km/h,129321,2025-11-28T17:31:05,2416,한티역 6번 출구,2,0,-6,worsened,true,2025-11-27T23:00:00,1111.083,false,5,11,6,2336
greedy_service,P2 서비스 3회·20km/h,129281,2025-11-28T17:47:10,2423,영희초교 사거리(래미안개포루체하임),26,0,-5,worsened,true,2025-11-28T03:00:00,887.167,false,4,12,8,2401
greedy_service,P2 서비스 3회·20km/h,129280,2025-11-28T17:47:12,2423,영희초교 사거리(래미안개포루체하임),25,0,-5,worsened,true,2025-11-28T03:00:00,887.2,false,4,12,8,2401
greedy_service,P2 서비스 3회·20km/h,129721,2025-11-28T18:15:43,2423,영희초교 사거리(래미안개포루체하임),24,0,-5,worsened,true,2025-11-28T03:00:00,915.717,false,4,12,8,2401
greedy_service,P2 서비스 3회·20km/h,129635,2025-11-28T18:21:17,2305,MCM 본사 직영점 앞,34,0,-2,worsened,true,2025-11-28T10:00:00,501.283,false,2,7,5,2353
greedy_service,P2 서비스 3회·20km/h,129637,2025-11-28T18:21:26,2305,MCM 본사 직영점 앞,33,0,-2,worsened,true,2025-11-28T10:00:00,501.433,false,2,7,5,2353
greedy_service,P2 서비스 3회·20km/h,129697,2025-11-28T18:22:38,2409,역삼동 디오슈페리움 (우성아파트 사거리),7,0,-4,worsened,true,2025-11-27T04:00:00,2302.633,false,4,9,5,2410
greedy_service,P2 서비스 3회·20km/h,129892,2025-11-28T18:53:14,2409,역삼동 디오슈페리움 (우성아파트 사거리),6,0,-4,worsened,true,2025-11-27T04:00:00,2333.233,false,4,9,5,2410
greedy_service,P2 서비스 3회·20km/h,130253,2025-11-28T20:01:22,2365,K+ 타워 앞,15,0,-4,worsened,true,2025-11-28T14:00:00,361.367,false,5,10,5,2353
greedy_service,P2 서비스 3회·20km/h,130251,2025-11-28T20:01:31,2365,K+ 타워 앞,14,0,-4,worsened,true,2025-11-28T14:00:00,361.517,false,5,10,5,2353
greedy_service,P2 서비스 3회·20km/h,130309,2025-11-28T20:11:13,2364,도산공원교차로,14,0,-1,worsened,true,2025-11-28T11:00:00,551.217,false,4,9,5,2353
greedy_service,P2 서비스 3회·20km/h,130261,2025-11-28T20:14:53,3640,일원1동주민센터앞 사거리,2,0,2,improved,true,2025-11-28T07:00:00,794.883,false,4,10,6,3602
greedy_service,P2 서비스 3회·20km/h,130257,2025-11-28T20:15:38,2365,K+ 타워 앞,13,0,-4,worsened,true,2025-11-28T14:00:00,375.633,false,5,10,5,2353
greedy_service,P2 서비스 3회·20km/h,130300,2025-11-28T20:22:04,2409,역삼동 디오슈페리움 (우성아파트 사거리),5,0,-4,worsened,true,2025-11-27T04:00:00,2422.067,false,4,9,5,2410
greedy_service,P2 서비스 3회·20km/h,130328,2025-11-28T20:32:58,2306,압구정역 2번 출구 옆,5,0,22,improved,true,2025-11-28T19:00:00,92.967,false,5,10,5,2347
greedy_service,P2 서비스 3회·20km/h,130497,2025-11-28T21:32:09,2409,역삼동 디오슈페리움 (우성아파트 사거리),4,0,-4,worsened,true,2025-11-27T04:00:00,2492.15,false,4,9,5,2410
greedy_service,P2 서비스 3회·20km/h,130559,2025-11-28T21:38:01,2365,K+ 타워 앞,12,0,-4,worsened,true,2025-11-28T14:00:00,458.017,false,5,10,5,2353
