date,weekday_number,day_type,policy_order,policy_label,policy_name,start,end_exclusive,stations,observed_requests,successful_rentals,failed_rentals,service_rate,failures_per_1000_requests,empty_station_minutes,empty_station_hours,empty_station_time_rate,decision_epochs,relocation_batches,relocation_actions,bikes_moved,max_bikes_moved_in_epoch,max_relocation_actions_in_epoch,relocation_distance_km,relocation_vehicle_minutes,relocation_bikes_in_transit_at_end,initial_station_bikes,unconditional_inbound_returns,successful_internal_returns,outbound_departures,in_transit_at_end,final_station_bikes,conservation_residual,stations_with_requests,p10_station_service_rate,worst_station_id,worst_station_name,worst_station_service_rate,failures_avoided_vs_p0,service_rate_percentage_point_vs_p0,empty_hours_reduced_vs_p0,additional_failures_avoided_vs_default
2025-11-01,5,주말,0,P0 재배치 없음,no_relocation,2025-11-01T00:00:00,2025-11-02T00:00:00,165,3060,2865,195,0.936275,63.725,43491.25,724.854,0.183044,24,0,0,0,0,0,0.0,0.0,0,1450,941,1925,936,4,1451,0,165,0.545455,2304,대현그린타워,0.230769,0,0.0,0.0,0
2025-11-01,5,주말,1,P2 기존 2회·15km/h,greedy_default,2025-11-01T00:00:00,2025-11-02T00:00:00,165,3060,2928,132,0.956863,43.137,27086.359,451.439,0.114,24,24,48,216,10,2,63.229,414.917,0,1450,941,1966,958,4,1429,0,165,0.833333,2351,청소년수련관(수영장)앞,0.285714,63,2.059,273.415,0
2025-11-01,5,주말,2,P2 서비스 3회·20km/h,greedy_service,2025-11-01T00:00:00,2025-11-02T00:00:00,165,3060,2934,126,0.958824,41.176,20528.036,342.134,0.086397,24,24,72,308,15,3,103.797,542.389,0,1450,941,1972,958,4,1429,0,165,0.866667,2351,청소년수련관(수영장)앞,0.285714,69,2.255,382.72,6
2025-11-02,6,주말,0,P0 재배치 없음,no_relocation,2025-11-02T00:00:00,2025-11-03T00:00:00,165,2584,2508,76,0.970588,29.412,26063.117,434.385,0.109693,24,0,0,0,0,0,0.0,0.0,0,1663,718,1775,725,8,1648,0,164,0.9375,4907,극동스포츠 앞,0.411765,0,0.0,0.0,0
2025-11-02,6,주말,1,P2 기존 2회·15km/h,greedy_default,2025-11-02T00:00:00,2025-11-03T00:00:00,165,2584,2559,25,0.990325,9.675,10291.909,171.532,0.043316,24,24,48,211,10,2,45.148,338.843,0,1663,718,1815,736,8,1637,0,164,1.0,4907,극동스포츠 앞,0.647059,51,1.974,262.853,0
2025-11-02,6,주말,2,P2 서비스 3회·20km/h,greedy_service,2025-11-02T00:00:00,2025-11-03T00:00:00,165,2584,2568,16,0.993808,6.192,5398.956,89.983,0.022723,24,24,72,300,15,3,70.425,436.277,0,1663,718,1823,737,8,1636,0,164,1.0,4907,극동스포츠 앞,0.705882,60,2.322,344.402,9
2025-11-03,0,주중,0,P0 재배치 없음,no_relocation,2025-11-03T00:00:00,2025-11-04T00:00:00,165,4108,3963,145,0.964703,35.297,29076.35,484.606,0.122375,24,0,0,0,0,0,0.0,0.0,0,1746,1070,2754,1196,13,1607,0,165,0.861111,3642,LH강남힐스테이트아파트,0.263158,0,0.0,0.0,0
2025-11-03,0,주중,1,P2 기존 2회·15km/h,greedy_default,2025-11-03T00:00:00,2025-11-04T00:00:00,165,4108,3993,115,0.972006,27.994,16920.698,282.012,0.071215,24,24,48,218,10,2,34.301,300.706,0,1746,1070,2772,1208,13,1595,0,165,0.9,3642,LH강남힐스테이트아파트,0.526316,30,0.73,202.594,0
2025-11-03,0,주중,2,P2 서비스 3회·20km/h,greedy_service,2025-11-03T00:00:00,2025-11-04T00:00:00,165,4108,3996,112,0.972736,27.264,12699.554,211.659,0.053449,24,24,72,312,15,3,53.241,393.723,0,1746,1070,2775,1208,13,1595,0,165,0.904762,3642,LH강남힐스테이트아파트,0.526316,33,0.803,272.947,3
2025-11-04,1,주중,0,P0 재배치 없음,no_relocation,2025-11-04T00:00:00,2025-11-05T00:00:00,165,4548,4251,297,0.934697,65.303,34620.8,577.013,0.14571,24,0,0,0,0,0,0.0,0.0,0,1719,1231,2951,1288,12,1650,0,165,0.705882,4936,SK텔레콤(T1) 인근,0.1,0,0.0,0.0,0
2025-11-04,1,주중,1,P2 기존 2회·15km/h,greedy_default,2025-11-04T00:00:00,2025-11-05T00:00:00,165,4548,4327,221,0.951407,48.593,22401.761,373.363,0.094284,24,24,48,221,10,2,39.847,325.138,0,1719,1231,3005,1310,12,1628,0,165,0.809524,4936,SK텔레콤(T1) 인근,0.1,76,1.671,203.65,0
2025-11-04,1,주중,2,P2 서비스 3회·20km/h,greedy_service,2025-11-04T00:00:00,2025-11-05T00:00:00,165,4548,4332,216,0.952507,47.493,17209.389,286.823,0.07243,24,24,72,315,15,3,64.959,431.128,0,1719,1231,3008,1314,10,1626,0,165,0.810811,4936,SK텔레콤(T1) 인근,0.1,81,1.781,290.19,5
2025-11-05,2,주중,0,P0 재배치 없음,no_relocation,2025-11-05T00:00:00,2025-11-06T00:00:00,165,4735,4450,285,0.93981,60.19,30768.283,512.805,0.129496,24,0,0,0,0,0,0.0,0.0,0,1787,1312,3072,1358,20,1721,0,165,0.75,2304,대현그린타워,0.16,0,0.0,0.0,0
2025-11-05,2,주중,1,P2 기존 2회·15km/h,greedy_default,2025-11-05T00:00:00,2025-11-06T00:00:00,165,4735,4537,198,0.958184,41.816,16111.021,268.517,0.067807,24,24,48,225,10,2,47.584,359.087,0,1787,1312,3141,1377,19,1703,0,165,0.853659,2417,선정릉 디캠프(D.CAMP)앞,0.428571,87,1.837,244.288,0
2025-11-05,2,주중,2,P2 서비스 3회·20km/h,greedy_service,2025-11-05T00:00:00,2025-11-06T00:00:00,165,4735,4576,159,0.96642,33.58,11134.534,185.576,0.046863,24,24,72,324,15,3,73.586,463.759,0,1787,1312,3167,1390,19,1690,0,165,0.857143,3642,LH강남힐스테이트아파트,0.433333,126,2.661,327.229,39
2025-11-06,3,주중,0,P0 재배치 없음,no_relocation,2025-11-06T00:00:00,2025-11-07T00:00:00,165,4713,4514,199,0.957776,42.224,38449.733,640.829,0.161825,24,0,0,0,0,0,0.0,0.0,0,1777,1322,3072,1423,19,1657,0,165,0.818182,3642,LH강남힐스테이트아파트,0.294118,0,0.0,0.0,0
2025-11-06,3,주중,1,P2 기존 2회·15km/h,greedy_default,2025-11-06T00:00:00,2025-11-07T00:00:00,165,4713,4556,157,0.966688,33.312,24532.906,408.882,0.103253,24,24,48,219,10,2,40.473,326.142,0,1777,1322,3108,1429,19,1651,0,165,0.833333,3642,LH강남힐스테이트아파트,0.294118,42,0.891,231.947,0
2025-11-06,3,주중,2,P2 서비스 3회·20km/h,greedy_service,2025-11-06T00:00:00,2025-11-07T00:00:00,165,4713,4548,165,0.96499,35.01,17917.657,298.628,0.075411,24,24,72,318,15,3,66.705,438.617,0,1777,1322,3100,1429,19,1651,0,165,0.833333,4909,노보텔 앰배서더 앞,0.347826,34,0.721,342.201,-8
2025-11-07,4,주중,0,P0 재배치 없음,no_relocation,2025-11-07T00:00:00,2025-11-08T00:00:00,165,4792,4452,340,0.929048,70.952,51221.133,853.686,0.215577,24,0,0,0,0,0,0.0,0.0,0,1742,1333,3016,1423,13,1639,0,165,0.681818,2304,대현그린타워,0.0,0,0.0,0.0,0
2025-11-07,4,주중,1,P2 기존 2회·15km/h,greedy_default,2025-11-07T00:00:00,2025-11-08T00:00:00,165,4792,4528,264,0.944908,55.092,36470.366,607.839,0.153495,24,24,48,223,10,2,51.82,374.532,0,1742,1333,3057,1458,13,1604,0,165,0.804348,4909,노보텔 앰배서더 앞,0.166667,76,1.586,245.847,0
2025-11-07,4,주중,2,P2 서비스 3회·20km/h,greedy_service,2025-11-07T00:00:00,2025-11-08T00:00:00,165,4792,4568,224,0.953255,46.745,30096.747,501.612,0.12667,24,24,72,315,15,3,77.611,469.083,0,1742,1333,3085,1469,14,1592,0,165,0.833333,4909,노보텔 앰배서더 앞,0.166667,116,2.421,352.074,40
2025-11-08,5,주말,0,P0 재배치 없음,no_relocation,2025-11-08T00:00:00,2025-11-09T00:00:00,165,3609,3380,229,0.936548,63.452,43473.033,724.551,0.182967,24,0,0,0,0,0,0.0,0.0,0,1690,1065,2262,1095,23,1637,0,165,0.571429,2304,대현그린타워,0.090909,0,0.0,0.0,0
2025-11-08,5,주말,1,P2 기존 2회·15km/h,greedy_default,2025-11-08T00:00:00,2025-11-09T00:00:00,165,3609,3453,156,0.956775,43.225,29619.693,493.662,0.124662,24,24,48,203,10,2,60.092,392.615,0,1690,1065,2312,1115,26,1614,0,165,0.846154,4909,노보텔 앰배서더 앞,0.153846,73,2.023,230.889,0
2025-11-08,5,주말,2,P2 서비스 3회·20km/h,greedy_service,2025-11-08T00:00:00,2025-11-09T00:00:00,165,3609,3484,125,0.965364,34.636,22413.64,373.561,0.094334,24,24,72,303,15,3,88.766,493.545,0,1690,1065,2336,1122,26,1607,0,165,0.888889,4909,노보텔 앰배서더 앞,0.153846,104,2.882,350.99,31
2025-11-09,6,주말,0,P0 재배치 없음,no_relocation,2025-11-09T00:00:00,2025-11-10T00:00:00,165,3354,3215,139,0.958557,41.443,32143.617,535.727,0.135285,24,0,0,0,0,0,0.0,0.0,0,1689,950,2219,989,7,1643,0,165,0.833333,3642,LH강남힐스테이트아파트,0.321429,0,0.0,0.0,0
2025-11-09,6,주말,1,P2 기존 2회·15km/h,greedy_default,2025-11-09T00:00:00,2025-11-10T00:00:00,165,3354,3259,95,0.971676,28.324,20194.195,336.57,0.084992,24,24,48,208,10,2,50.641,358.564,0,1689,950,2251,1001,7,1631,0,165,0.909091,3642,LH강남힐스테이트아파트,0.321429,44,1.312,199.157,0
2025-11-09,6,주말,2,P2 서비스 3회·20km/h,greedy_service,2025-11-09T00:00:00,2025-11-10T00:00:00,165,3354,3271,83,0.975253,24.747,14551.876,242.531,0.061245,24,24,72,302,15,3,77.45,458.848,0,1689,950,2259,1005,7,1627,0,165,0.9,3642,LH강남힐스테이트아파트,0.535714,56,1.67,293.196,12
2025-11-10,0,주중,0,P0 재배치 없음,no_relocation,2025-11-10T00:00:00,2025-11-11T00:00:00,165,4031,3819,212,0.947408,52.592,35657.617,594.294,0.150074,24,0,0,0,0,0,0.0,0.0,0,1759,1026,2669,1143,7,1635,0,165,0.735294,2341,일원역 4~5번 출구 사이,0.266667,0,0.0,0.0,0
2025-11-10,0,주중,1,P2 기존 2회·15km/h,greedy_default,2025-11-10T00:00:00,2025-11-11T00:00:00,165,4031,3823,208,0.9484,51.6,24555.899,409.265,0.10335,24,24,48,218,10,2,38.05,315.698,0,1759,1026,2676,1140,7,1638,0,165,0.761905,2405,청담공원앞 교차로,0.367347,4,0.099,185.029,0
2025-11-10,0,주중,2,P2 서비스 3회·20km/h,greedy_service,2025-11-10T00:00:00,2025-11-11T00:00:00,165,4031,3832,199,0.950633,49.367,17798.197,296.637,0.074908,24,24,72,316,15,3,58.693,413.08,0,1759,1026,2684,1140,8,1637,0,165,0.818182,2405,청담공원앞 교차로,0.44898,13,0.322,297.657,9
2025-11-11,1,주중,0,P0 재배치 없음,no_relocation,2025-11-11T00:00:00,2025-11-12T00:00:00,165,4354,4158,196,0.954984,45.016,40948.017,682.467,0.17234,24,0,0,0,0,0,0.0,0.0,0,1757,1120,2935,1216,7,1654,0,165,0.842105,2352,서울본부세관(건설회관 앞),0.173913,0,0.0,0.0,0
2025-11-11,1,주중,1,P2 기존 2회·15km/h,greedy_default,2025-11-11T00:00:00,2025-11-12T00:00:00,165,4354,4213,141,0.967616,32.384,24819.145,413.652,0.104458,24,24,48,226,10,2,39.987,329.449,0,1757,1120,2974,1232,7,1638,0,165,0.846154,4909,노보텔 앰배서더 앞,0.294118,55,1.263,268.815,0
2025-11-11,1,주중,2,P2 서비스 3회·20km/h,greedy_service,2025-11-11T00:00:00,2025-11-12T00:00:00,165,4354,4222,132,0.969683,30.317,19115.823,318.597,0.080454,24,24,72,329,15,3,61.386,430.908,0,1757,1120,2982,1233,7,1637,0,165,0.868421,4909,노보텔 앰배서더 앞,0.294118,64,1.47,363.87,9
2025-11-12,2,주중,0,P0 재배치 없음,no_relocation,2025-11-12T00:00:00,2025-11-13T00:00:00,165,4518,4213,305,0.932492,67.508,46646.283,777.438,0.196323,24,0,0,0,0,0,0.0,0.0,0,1734,1193,2891,1308,14,1605,0,164,0.541667,2309,청담역(우리들병원 앞),0.111111,0,0.0,0.0,0
2025-11-12,2,주중,1,P2 기존 2회·15km/h,greedy_default,2025-11-12T00:00:00,2025-11-13T00:00:00,165,4518,4309,209,0.953741,46.259,30709.842,511.831,0.12925,24,24,48,219,10,2,45.46,346.088,0,1734,1193,2964,1331,14,1582,0,164,0.724138,4909,노보텔 앰배서더 앞,0.35,96,2.125,265.607,0
2025-11-12,2,주중,2,P2 서비스 3회·20km/h,greedy_service,2025-11-12T00:00:00,2025-11-13T00:00:00,165,4518,4345,173,0.961709,38.291,25239.919,420.665,0.106229,24,24,72,325,15,3,67.188,445.312,0,1734,1193,2990,1341,14,1572,0,164,0.769231,4909,노보텔 앰배서더 앞,0.35,132,2.922,356.773,36
2025-11-13,3,주중,0,P0 재배치 없음,no_relocation,2025-11-13T00:00:00,2025-11-14T00:00:00,165,4394,4164,230,0.947656,52.344,45153.233,752.554,0.190039,24,0,0,0,0,0,0.0,0.0,0,1725,1212,2874,1279,11,1647,0,164,0.866667,2304,대현그린타워,0.058824,0,0.0,0.0,0
2025-11-13,3,주중,1,P2 기존 2회·15km/h,greedy_default,2025-11-13T00:00:00,2025-11-14T00:00:00,165,4394,4231,163,0.962904,37.096,27894.633,464.911,0.117402,24,24,48,220,10,2,52.458,374.831,0,1725,1212,2924,1296,11,1630,0,164,0.857143,3642,LH강남힐스테이트아파트,0.222222,67,1.525,287.643,0
2025-11-13,3,주중,2,P2 서비스 3회·20km/h,greedy_service,2025-11-13T00:00:00,2025-11-14T00:00:00,165,4394,4265,129,0.970642,29.358,21493.627,358.227,0.090461,24,24,72,322,15,3,77.053,472.662,0,1725,1212,2953,1301,11,1625,0,164,0.865385,3642,LH강남힐스테이트아파트,0.222222,101,2.299,394.327,34
2025-11-14,4,주중,0,P0 재배치 없음,no_relocation,2025-11-14T00:00:00,2025-11-15T00:00:00,165,4337,4104,233,0.946276,53.724,49231.8,820.53,0.207205,24,0,0,0,0,0,0.0,0.0,0,1631,1148,2881,1209,14,1556,0,165,0.789474,2304,대현그린타워,0.111111,0,0.0,0.0,0
2025-11-14,4,주중,1,P2 기존 2회·15km/h,greedy_default,2025-11-14T00:00:00,2025-11-15T00:00:00,165,4337,4114,223,0.948582,51.418,35333.794,588.897,0.148711,24,24,48,218,10,2,46.958,351.328,0,1631,1148,2886,1214,14,1551,0,165,0.847826,3642,LH강남힐스테이트아파트,0.189189,10,0.231,231.633,0
2025-11-14,4,주중,2,P2 서비스 3회·20km/h,greedy_service,2025-11-14T00:00:00,2025-11-15T00:00:00,165,4337,4142,195,0.955038,44.962,30696.115,511.602,0.129192,24,24,72,308,15,3,80.259,471.776,0,1631,1148,2905,1223,14,1542,0,165,0.85,3642,LH강남힐스테이트아파트,0.189189,38,0.876,308.928,28
2025-11-15,5,주말,0,P0 재배치 없음,no_relocation,2025-11-15T00:00:00,2025-11-16T00:00:00,165,3311,3112,199,0.939897,60.103,42815.617,713.594,0.1802,24,0,0,0,0,0,0.0,0.0,0,1641,932,2145,956,11,1606,0,165,0.677419,2341,일원역 4~5번 출구 사이,0.307692,0,0.0,0.0,0
2025-11-15,5,주말,1,P2 기존 2회·15km/h,greedy_default,2025-11-15T00:00:00,2025-11-16T00:00:00,165,3311,3159,152,0.954092,45.908,27098.547,451.642,0.114051,24,24,48,225,10,2,51.312,374.001,0,1641,932,2176,972,11,1590,0,165,0.875,2405,청담공원앞 교차로,0.296296,47,1.42,261.952,0
2025-11-15,5,주말,2,P2 서비스 3회·20km/h,greedy_service,2025-11-15T00:00:00,2025-11-16T00:00:00,165,3311,3183,128,0.961341,38.659,21852.94,364.216,0.091974,24,24,72,296,15,3,81.25,465.753,0,1641,932,2198,973,12,1588,0,165,0.875,3642,LH강남힐스테이트아파트,0.392857,71,2.144,349.378,24
2025-11-16,6,주말,0,P0 재배치 없음,no_relocation,2025-11-16T00:00:00,2025-11-17T00:00:00,165,2947,2855,92,0.968782,31.218,34827.85,580.464,0.146582,24,0,0,0,0,0,0.0,0.0,0,1700,854,1910,939,6,1609,0,165,0.909091,2303,논현역 10번출구,0.366667,0,0.0,0.0,0
2025-11-16,6,주말,1,P2 기존 2회·15km/h,greedy_default,2025-11-16T00:00:00,2025-11-17T00:00:00,165,2947,2891,56,0.980998,19.002,19025.797,317.097,0.080075,24,24,48,219,10,2,43.558,338.481,0,1700,854,1927,956,8,1590,0,165,0.909091,3636,삼성중앙역·플래티넘아파트 정류소,0.611111,36,1.222,263.367,0
2025-11-16,6,주말,2,P2 서비스 3회·20km/h,greedy_service,2025-11-16T00:00:00,2025-11-17T00:00:00,165,2947,2900,47,0.984052,15.948,12682.415,211.374,0.053377,24,24,72,316,15,3,69.935,446.805,0,1700,854,1936,956,8,1590,0,165,0.914286,2353,강남구청역 2번출구 뒤,0.724138,45,1.527,369.09,9
2025-11-17,0,주중,0,P0 재배치 없음,no_relocation,2025-11-17T00:00:00,2025-11-18T00:00:00,165,3092,2912,180,0.941785,58.215,37160.517,619.342,0.156399,24,0,0,0,0,0,0.0,0.0,0,1681,728,2108,800,4,1605,0,165,0.7,3644,상록수아파트,0.0,0,0.0,0.0,0
2025-11-17,0,주중,1,P2 기존 2회·15km/h,greedy_default,2025-11-17T00:00:00,2025-11-18T00:00:00,165,3092,2964,128,0.958603,41.397,22426.555,373.776,0.094388,24,24,48,223,10,2,38.728,322.161,0,1681,728,2147,813,4,1592,0,165,0.823529,3644,상록수아파트,0.071429,52,1.682,245.566,0
2025-11-17,0,주중,2,P2 서비스 3회·20km/h,greedy_service,2025-11-17T00:00:00,2025-11-18T00:00:00,165,3092,2993,99,0.967982,32.018,16225.832,270.431,0.068291,24,24,72,303,15,3,62.321,414.22,0,1681,728,2172,817,4,1588,0,165,0.897436,3642,LH강남힐스테이트아파트,0.333333,81,2.62,348.911,29
2025-11-18,1,주중,0,P0 재배치 없음,no_relocation,2025-11-18T00:00:00,2025-11-19T00:00:00,165,3190,3098,92,0.97116,28.84,23673.033,394.551,0.099634,24,0,0,0,0,0,0.0,0.0,0,1749,787,2256,833,9,1694,0,165,0.909091,2405,청담공원앞 교차로,0.263158,0,0.0,0.0,0
2025-11-18,1,주중,1,P2 기존 2회·15km/h,greedy_default,2025-11-18T00:00:00,2025-11-19T00:00:00,165,3190,3130,60,0.981191,18.809,9018.995,150.317,0.037959,24,24,48,220,10,2,36.79,312.161,0,1749,787,2287,834,9,1693,0,165,0.933333,2405,청담공원앞 교차로,0.526316,32,1.003,244.234,0
2025-11-18,1,주중,2,P2 서비스 3회·20km/h,greedy_service,2025-11-18T00:00:00,2025-11-19T00:00:00,165,3190,3134,56,0.982445,17.555,6170.962,102.849,0.025972,24,24,72,293,15,3,56.933,390.552,0,1749,787,2289,836,9,1691,0,165,0.954545,3644,상록수아파트,0.652174,36,1.128,291.702,4
2025-11-19,2,주중,0,P0 재배치 없음,no_relocation,2025-11-19T00:00:00,2025-11-20T00:00:00,165,3433,3258,175,0.949024,50.976,32156.317,535.939,0.135338,24,0,0,0,0,0,0.0,0.0,0,1787,847,2336,907,15,1712,0,165,0.833333,2388,강남구 도시관리공단,0.192308,0,0.0,0.0,0
2025-11-19,2,주중,1,P2 기존 2회·15km/h,greedy_default,2025-11-19T00:00:00,2025-11-20T00:00:00,165,3433,3294,139,0.959511,40.489,16747.076,279.118,0.070484,24,24,48,224,10,2,39.833,327.331,0,1787,847,2368,911,15,1708,0,165,0.846154,3642,LH강남힐스테이트아파트,0.259259,36,1.049,256.821,0
2025-11-19,2,주중,2,P2 서비스 3회·20km/h,greedy_service,2025-11-19T00:00:00,2025-11-20T00:00:00,165,3433,3332,101,0.97058,29.42,11717.897,195.298,0.049318,24,24,72,321,15,3,56.651,410.706,0,1787,847,2396,921,15,1698,0,165,0.88,2388,강남구 도시관리공단,0.384615,74,2.156,340.641,38
2025-11-20,3,주중,0,P0 재배치 없음,no_relocation,2025-11-20T00:00:00,2025-11-21T00:00:00,165,3984,3786,198,0.950301,49.699,27590.917,459.849,0.116123,24,0,0,0,0,0,0.0,0.0,0,1949,990,2686,1091,9,1839,0,165,0.75,2398,더라움,0.291667,0,0.0,0.0,0
2025-11-20,3,주중,1,P2 기존 2회·15km/h,greedy_default,2025-11-20T00:00:00,2025-11-21T00:00:00,165,3984,3850,134,0.966365,33.635,14775.797,246.263,0.062188,24,24,48,225,10,2,34.898,308.342,0,1949,990,2736,1105,9,1825,0,165,0.857143,2398,더라움,0.5,64,1.606,213.586,0
2025-11-20,3,주중,2,P2 서비스 3회·20km/h,greedy_service,2025-11-20T00:00:00,2025-11-21T00:00:00,165,3984,3848,136,0.965863,34.137,10392.388,173.206,0.043739,24,24,72,305,15,3,53.018,387.804,0,1949,990,2734,1105,9,1825,0,165,0.833333,4909,노보텔 앰배서더 앞,0.666667,62,1.556,286.643,-2
2025-11-21,4,주중,0,P0 재배치 없음,no_relocation,2025-11-21T00:00:00,2025-11-22T00:00:00,165,3978,3860,118,0.970337,29.663,25623.467,427.058,0.107843,24,0,0,0,0,0,0.0,0.0,0,2092,986,2729,1122,9,1947,0,165,0.958333,2333,양재역 3번출구 주변,0.539683,0,0.0,0.0,0
2025-11-21,4,주중,1,P2 기존 2회·15km/h,greedy_default,2025-11-21T00:00:00,2025-11-22T00:00:00,165,3978,3905,73,0.981649,18.351,11113.966,185.233,0.046776,24,24,48,235,10,2,32.112,304.699,0,2092,986,2768,1128,9,1941,0,165,0.933333,2405,청담공원앞 교차로,0.541667,45,1.131,241.825,0
2025-11-21,4,주중,2,P2 서비스 3회·20km/h,greedy_service,2025-11-21T00:00:00,2025-11-22T00:00:00,165,3978,3923,55,0.986174,13.826,6115.898,101.932,0.02574,24,24,71,331,15,3,47.331,390.239,0,2092,986,2781,1132,10,1936,0,165,0.944444,4909,노보텔 앰배서더 앞,0.666667,63,1.584,325.126,18
2025-11-22,5,주말,0,P0 재배치 없음,no_relocation,2025-11-22T00:00:00,2025-11-23T00:00:00,165,3120,2977,143,0.954167,45.833,27125.0,452.083,0.114162,24,0,0,0,0,0,0.0,0.0,0,2031,871,2037,928,12,1962,0,165,0.794118,3642,LH강남힐스테이트아파트,0.055556,0,0.0,0.0,0
2025-11-22,5,주말,1,P2 기존 2회·15km/h,greedy_default,2025-11-22T00:00:00,2025-11-23T00:00:00,165,3120,3044,76,0.975641,24.359,12786.418,213.107,0.053815,24,24,48,222,10,2,37.368,315.973,0,2031,871,2085,946,13,1943,0,165,0.916667,3642,LH강남힐스테이트아파트,0.388889,67,2.147,238.976,0
2025-11-22,5,주말,2,P2 서비스 3회·20km/h,greedy_service,2025-11-22T00:00:00,2025-11-23T00:00:00,165,3120,3059,61,0.980449,19.551,7903.842,131.731,0.033265,24,24,72,311,15,3,58.386,408.407,0,2031,871,2099,947,13,1942,0,165,0.923077,3644,상록수아파트,0.411765,82,2.628,320.352,15
2025-11-23,6,주말,0,P0 재배치 없음,no_relocation,2025-11-23T00:00:00,2025-11-24T00:00:00,165,2593,2494,99,0.96182,38.18,17616.383,293.606,0.074143,24,0,0,0,0,0,0.0,0.0,0,2072,763,1727,755,12,2068,0,163,0.85,2349,역삼빌딩 앞(하나은행 옆),0.25,0,0.0,0.0,0
2025-11-23,6,주말,1,P2 기존 2회·15km/h,greedy_default,2025-11-23T00:00:00,2025-11-24T00:00:00,165,2593,2570,23,0.99113,8.87,6395.453,106.591,0.026917,24,24,48,202,10,2,31.297,276.687,0,2072,763,1779,778,13,2044,0,163,1.0,2386,크린랩 본사,0.8,76,2.931,187.015,0
2025-11-23,6,주말,2,P2 서비스 3회·20km/h,greedy_service,2025-11-23T00:00:00,2025-11-24T00:00:00,165,2593,2581,12,0.995372,4.628,3595.191,59.92,0.015131,24,24,70,298,15,3,45.452,359.856,0,2072,763,1784,784,13,2038,0,163,1.0,3644,상록수아파트,0.857143,87,3.355,233.686,11
2025-11-24,0,주중,0,P0 재배치 없음,no_relocation,2025-11-24T00:00:00,2025-11-25T00:00:00,165,4069,3916,153,0.962399,37.601,22413.55,373.559,0.094333,24,0,0,0,0,0,0.0,0.0,0,2105,1066,2686,1216,14,1941,0,165,0.846154,3644,상록수아파트,0.481481,0,0.0,0.0,0
2025-11-24,0,주중,1,P2 기존 2회·15km/h,greedy_default,2025-11-24T00:00:00,2025-11-25T00:00:00,165,4069,3931,138,0.966085,33.915,13079.89,217.998,0.05505,24,24,48,210,10,2,32.149,286.094,0,2105,1066,2698,1219,14,1938,0,165,0.875,3644,상록수아파트,0.481481,15,0.369,155.561,0
2025-11-24,0,주중,2,P2 서비스 3회·20km/h,greedy_service,2025-11-24T00:00:00,2025-11-25T00:00:00,165,4069,3950,119,0.970754,29.246,8079.049,134.651,0.034003,24,24,70,305,15,3,48.762,375.041,0,2105,1066,2713,1223,14,1934,0,165,0.9,3644,상록수아파트,0.481481,34,0.836,238.908,19
2025-11-25,1,주중,0,P0 재배치 없음,no_relocation,2025-11-25T00:00:00,2025-11-26T00:00:00,165,2501,2392,109,0.956417,43.583,30728.35,512.139,0.129328,24,0,0,0,0,0,0.0,0.0,0,1973,622,1700,684,8,1903,0,165,0.9,2304,대현그린타워,0.214286,0,0.0,0.0,0
2025-11-25,1,주중,1,P2 기존 2회·15km/h,greedy_default,2025-11-25T00:00:00,2025-11-26T00:00:00,165,2501,2429,72,0.971212,28.788,11616.37,193.606,0.04889,24,24,48,238,10,2,40.804,341.717,0,1973,622,1725,696,8,1891,0,165,0.9,2410,포스코피앤에스타워 (역삼역 3번출구 부근),0.580645,37,1.48,318.533,0
2025-11-25,1,주중,2,P2 서비스 3회·20km/h,greedy_service,2025-11-25T00:00:00,2025-11-26T00:00:00,165,2501,2447,54,0.978409,21.591,6404.875,106.748,0.026957,24,24,72,319,15,3,58.664,415.243,0,1973,622,1742,697,8,1890,0,165,0.911765,2410,포스코피앤에스타워 (역삼역 3번출구 부근),0.580645,55,2.199,405.391,18
2025-11-26,2,주중,0,P0 재배치 없음,no_relocation,2025-11-26T00:00:00,2025-11-27T00:00:00,165,3875,3698,177,0.954323,45.677,28207.667,470.128,0.118719,24,0,0,0,0,0,0.0,0.0,0,2109,963,2607,1084,7,1981,0,164,0.764706,2349,역삼빌딩 앞(하나은행 옆),0.25,0,0.0,0.0,0
2025-11-26,2,주중,1,P2 기존 2회·15km/h,greedy_default,2025-11-26T00:00:00,2025-11-27T00:00:00,165,3875,3761,114,0.970581,29.419,16229.36,270.489,0.068305,24,24,48,214,10,2,38.308,313.733,0,2109,963,2646,1108,7,1957,0,164,0.833333,2347,두산건설 본사,0.555556,63,1.626,199.639,0
2025-11-26,2,주중,2,P2 서비스 3회·20km/h,greedy_service,2025-11-26T00:00:00,2025-11-27T00:00:00,165,3875,3771,104,0.973161,26.839,9128.877,152.148,0.038421,24,24,72,316,15,3,56.067,405.199,0,2109,963,2654,1110,7,1955,0,164,0.9,2347,두산건설 본사,0.555556,73,1.884,317.98,10
2025-11-27,3,주중,0,P0 재배치 없음,no_relocation,2025-11-27T00:00:00,2025-11-28T00:00:00,165,2302,2261,41,0.982189,17.811,24962.85,416.047,0.105062,24,0,0,0,0,0,0.0,0.0,0,2059,530,1641,616,4,1969,0,164,1.0,2353,강남구청역 2번출구 뒤,0.444444,0,0.0,0.0,0
2025-11-27,3,주중,1,P2 기존 2회·15km/h,greedy_default,2025-11-27T00:00:00,2025-11-28T00:00:00,165,2302,2279,23,0.990009,9.991,8661.42,144.357,0.036454,24,24,48,230,10,2,35.362,313.948,0,2059,530,1652,622,5,1962,0,164,0.969697,3646,선정릉역 4번 출구,0.761905,18,0.782,271.69,0
2025-11-27,3,주중,2,P2 서비스 3회·20km/h,greedy_service,2025-11-27T00:00:00,2025-11-28T00:00:00,165,2302,2284,18,0.992181,7.819,4305.493,71.758,0.018121,24,23,68,289,15,3,48.167,361.255,0,2059,530,1658,621,5,1963,0,164,1.0,3646,선정릉역 4번 출구,0.714286,23,0.999,344.289,5
2025-11-28,4,주중,0,P0 재배치 없음,no_relocation,2025-11-28T00:00:00,2025-11-29T00:00:00,165,3458,3292,166,0.951995,48.005,28625.0,477.083,0.120476,24,0,0,0,0,0,0.0,0.0,0,2023,792,2375,911,6,1898,0,165,0.75,3642,LH강남힐스테이트아파트,0.230769,0,0.0,0.0,0
2025-11-28,4,주중,1,P2 기존 2회·15km/h,greedy_default,2025-11-28T00:00:00,2025-11-29T00:00:00,165,3458,3363,95,0.972527,27.473,14144.345,235.739,0.05953,24,24,48,214,10,2,36.772,307.588,0,2023,792,2434,923,6,1886,0,165,0.866667,3642,LH강남힐스테이트아파트,0.230769,71,2.053,241.344,0
2025-11-28,4,주중,2,P2 서비스 3회·20km/h,greedy_service,2025-11-28T00:00:00,2025-11-29T00:00:00,165,3458,3382,76,0.978022,21.978,6988.889,116.481,0.029415,24,24,72,321,15,3,56.425,410.029,0,2023,792,2456,920,6,1889,0,165,0.909091,2405,청담공원앞 교차로,0.5,90,2.603,360.602,19
2025-11-29,5,주말,0,P0 재배치 없음,no_relocation,2025-11-29T00:00:00,2025-11-30T00:00:00,165,2572,2456,116,0.954899,45.101,24440.533,407.342,0.102864,24,0,0,0,0,0,0.0,0.0,0,1991,653,1760,677,19,1948,0,164,0.818182,2304,대현그린타워,0.230769,0,0.0,0.0,0
2025-11-29,5,주말,1,P2 기존 2회·15km/h,greedy_default,2025-11-29T00:00:00,2025-11-30T00:00:00,165,2572,2523,49,0.980949,19.051,9371.886,156.198,0.039444,24,24,48,215,10,2,45.051,341.453,0,1991,653,1810,694,19,1931,0,164,0.928571,2353,강남구청역 2번출구 뒤,0.692308,67,2.605,251.144,0
2025-11-29,5,주말,2,P2 서비스 3회·20km/h,greedy_service,2025-11-29T00:00:00,2025-11-30T00:00:00,165,2572,2539,33,0.98717,12.83,6418.603,106.977,0.027014,24,24,72,302,15,3,66.42,425.757,0,1991,653,1822,698,19,1927,0,164,0.928571,3644,상록수아파트,0.789474,83,3.227,300.365,16
2025-11-30,6,주말,0,P0 재배치 없음,no_relocation,2025-11-30T00:00:00,2025-12-01T00:00:00,165,2660,2575,85,0.968045,31.955,23516.55,391.942,0.098975,24,0,0,0,0,0,0.0,0.0,0,2039,750,1771,793,11,1985,0,162,0.947368,3642,LH강남힐스테이트아파트,0.333333,0,0.0,0.0,0
2025-11-30,6,주말,1,P2 기존 2회·15km/h,greedy_default,2025-11-30T00:00:00,2025-12-01T00:00:00,165,2660,2625,35,0.986842,13.158,7432.14,123.869,0.03128,24,24,48,222,10,2,37.391,316.064,0,2039,750,1807,807,11,1971,0,162,0.964286,3642,LH강남힐스테이트아파트,0.541667,50,1.88,268.073,0
2025-11-30,6,주말,2,P2 서비스 3회·20km/h,greedy_service,2025-11-30T00:00:00,2025-12-01T00:00:00,165,2660,2645,15,0.994361,5.639,2793.718,46.562,0.011758,24,24,69,311,15,3,54.878,397.885,0,2039,750,1819,815,11,1963,0,162,1.0,2401,밀알학교 입구 (삼성서울병원 입구),0.714286,70,2.632,345.38,20
