seed,scenario,manifest_hash,observed_requests,synthetic_requests,combined_requests,synthetic_share,p0_observed_failed_rentals,p2r_observed_failed_rentals,observed_failures_avoided,p0_combined_failed_rentals,p2r_combined_failed_rentals,combined_failures_avoided,observed_failure_direction,combined_failure_direction,combined_service_rate_pp_change,combined_p10_pp_change,stations_improved_vs_p0,stations_tied_vs_p0,stations_worsened_vs_p0,district_fallback_rate,hard_capped_interval_rate
20251124,base,18ea98a02cecd178e4a7e686781c1043d750ff48979c00d15c24ce8ee0ad1a44,16205,1673,17878,0.10323974082073434,2038,1080,958,3518,1922,1596,1,1,8.9272,28.7527,89,62,14,0.0056022408963585435,0.006069094304388422
20251124,high,d403dbf1f8fab9a8a32f3e8fe83a120f81fcac4042acbc641eda092864c55375,16205,1964,18169,0.12119716136994754,2099,1187,912,3785,2210,1575,1,1,8.6686,26.0504,88,63,14,0.0056022408963585435,0.006069094304388422
20251124,low,c8564399c32d0c876608bd85eb9020d07b5530b6fd14e33bc5c491fe2951c5ad,16205,1382,17587,0.08528232027152113,1963,1035,928,3230,1724,1506,1,1,8.5631,29.2754,89,60,16,0.0056022408963585435,0.006069094304388422
20251125,base,f0e03e3b4ef8e33952d0f266ff8f09a77d3e79a45a1b1a083407d1832b01d4c5,16205,1633,17838,0.1007713668620796,2020,1109,911,3459,1920,1539,1,1,8.6277,30.3031,90,61,14,0.0056022408963585435,0.002334267040149393
20251125,high,8b0faaa6027debd5827ac4ac6e50f16fa8c607eac1d4f9b6eba92f54c62f6daa,16205,1922,18127,0.11860536871336007,2068,1287,781,3703,2246,1457,1,1,8.0377,27.7873,86,58,21,0.0056022408963585435,0.002334267040149393
20251125,low,c03e83719394f24d344138da7c83c8e16f1a085ce377cf8fb5ec7153b1163ab2,16205,1328,17533,0.08195001542733724,1951,996,955,3172,1633,1539,1,1,8.7777,33.5929,92,57,16,0.0056022408963585435,0.002334267040149393
20251126,base,f5b99da173e3780adc797af69b0d6449d99f8af4dd26fdea542e018f08f7e3c7,16205,1654,17859,0.10206726319037335,2024,1175,849,3492,2054,1438,1,1,8.052,29.4302,90,58,17,0.0056022408963585435,0.0028011204481792717
20251126,high,5a014d857e8ae53fa1999542cbe38fffb0da95c4746496a8fa30ba7a65b5c3ea,16205,1940,18145,0.11971613699475471,2091,1160,931,3761,2173,1588,1,1,8.7517,27.4316,87,61,17,0.0056022408963585435,0.0028011204481792717
20251126,low,872ce3e3e54183e061ad7a769fd835827a28f41bf2ceda6fe242b0acebeb54e1,16205,1393,17598,0.0859611231101512,1964,1040,924,3246,1741,1505,1,1,8.5521,34.2246,88,58,19,0.0056022408963585435,0.0028011204481792717
20251127,base,10963c4132ee0a60734193ab91f402ab5214e3e59b7376d506a4c229f5a33f77,16205,1692,17897,0.10441221845109534,2027,1172,855,3538,2025,1513,1,1,8.454,29.021,86,62,17,0.0056022408963585435,0.004668534080298786
20251127,high,900c0da5973e716da20cdb618d29235dd2765f51edb58d75ef187c6ccc224d45,16205,1940,18145,0.11971613699475471,2077,1238,839,3770,2257,1513,1,1,8.3384,27.3864,83,62,20,0.0056022408963585435,0.004668534080298786
20251127,low,79adf24265da6a4e1468399f73dbb2ded685b35d79a83e8edc11dfa38c6e71f1,16205,1405,17610,0.0867016352977476,1977,1083,894,3254,1773,1481,1,1,8.41,30.0683,84,65,16,0.0056022408963585435,0.004668534080298786
20251128,base,fa0751d8abad15ee061440cec9a17e80585de0c7ec53c35646ccbc0dc4ac3d09,16205,1656,17861,0.10219068188830607,2029,1123,906,3485,1969,1516,1,1,8.4878,30.1282,90,58,17,0.0056022408963585435,0.0028011204481792717
20251128,high,5688e10c0298943583c5c5d371c5db70a2186666c079b8935ee4aff5e1dd6c2c,16205,1909,18114,0.11780314717679728,2084,1160,924,3724,2153,1571,1,1,8.6729,27.5253,93,60,12,0.0056022408963585435,0.0028011204481792717
20251128,low,056df0222623d7f3890045eebb70e9db2eb7df5243f95daafd6170407463f932,16205,1346,17551,0.08306078370873188,1974,1005,969,3205,1678,1527,1,1,8.7004,30.5354,89,63,13,0.0056022408963585435,0.0028011204481792717
20251129,base,7a5b78cc8e8b3d28ddc954a15cbbc81f48907f7644e10ba5ece559e05c298812,16205,1668,17873,0.1029311940759025,2018,1116,902,3495,1990,1505,1,1,8.4205,28.6403,88,59,18,0.0056022408963585435,0.004201680672268907
20251129,high,733696a78ea27408944912d8a9b5a3f63cde39c9a8b7f404be298edba2129713,16205,1931,18136,0.11916075285405739,2091,1209,882,3755,2241,1514,1,1,8.3481,28.999,87,64,14,0.0056022408963585435,0.004201680672268907
20251129,low,1c356e58ad2f71e217c30d20810195ec7c437e50113c7bd1d8ae49dccc4ac2ee,16205,1373,17578,0.08472693613082383,1964,998,966,3215,1661,1554,1,1,8.8406,34.2673,88,59,18,0.0056022408963585435,0.004201680672268907
20251130,base,9a1294a1034fd5e213eb63b01c77d2aa7342a2d966cfc81581533e1acb1ac643,16205,1677,17882,0.10348657821659982,2007,1111,896,3499,2001,1498,1,1,8.3772,29.6297,89,59,17,0.0056022408963585435,0.004201680672268907
20251130,high,5f7489c732b79c929027807740262433702744238d8db1ce91166772d9fcabdb,16205,1962,18167,0.12107374267201482,2061,1162,899,3765,2233,1532,1,1,8.4329,26.1209,86,57,22,0.0056022408963585435,0.004201680672268907
20251130,low,80e3a790da29ec26c559d7d50be4a609d498ce437ee2565c90020069aca1e847,16205,1412,17617,0.08713360074051218,1956,970,986,3249,1679,1570,1,1,8.9118,34.7495,89,62,14,0.0056022408963585435,0.004201680672268907
20251131,base,2569db2ec4c7924a28e5288f746bd63b38e765514fa478da04b06502bafc48fb,16205,1587,17792,0.09793273680962666,2008,1120,888,3418,1911,1507,1,1,8.4701,29.7014,85,64,16,0.0056022408963585435,0.004201680672268907
20251131,high,b3cb2b49548850e00b22c610bda2ccfe7bfe2705a8317ad69231b0393f9a55f4,16205,1866,18071,0.11514964517124344,2068,1183,885,3673,2138,1535,1,1,8.4943,27.8339,84,58,23,0.0056022408963585435,0.004201680672268907
20251131,low,31e6cd274a19340378289fa5374660af809856c203f056d9e271a8b7735e2f6d,16205,1305,17510,0.08053070040111077,1962,975,987,3162,1604,1558,1,1,8.8978,33.4632,89,62,14,0.0056022408963585435,0.004201680672268907
20251132,base,3d2f55147c493e1a2f4b0891be0516f3af2848a7fa05a3de2470f37bc690ac03,16205,1622,17827,0.10009256402344956,2015,1122,893,3452,1944,1508,1,1,8.4591,31.1538,87,57,21,0.0056022408963585435,0.0032679738562091504
20251132,high,4bb5dfc599b00a2cc52894c1d78057046a1c5b609f6bf4249d2ec9393ff87252,16205,1926,18131,0.11885220610922555,2068,1152,916,3713,2140,1573,1,1,8.6757,30.1282,89,59,17,0.0056022408963585435,0.0032679738562091504
20251132,low,1cd1905f2345910538b59dab29e015a90373a7a65892a61cc710efc28d8bb491,16205,1354,17559,0.08355445850046282,1957,1008,949,3188,1671,1517,1,1,8.6394,34.8901,90,55,20,0.0056022408963585435,0.0032679738562091504
20251133,base,917f97ef4aab22b23743b1dda4ccfbef2c3f803cee055d35ed8f5fe4daec12b2,16205,1677,17882,0.10348657821659982,2027,1076,951,3516,1935,1581,1,1,8.8413,31.839,93,57,15,0.0056022408963585435,0.002334267040149393
20251133,high,b2237304f179f619745e5c64540565cae375ecaa87ae261d4d07c898ccf50a58,16205,1951,18156,0.12039493983338476,2077,1181,896,3756,2207,1549,1,1,8.5316,31.2989,89,61,15,0.0056022408963585435,0.002334267040149393
20251133,low,b602e1604f285d9c0509dd3aabee37dd4ebbbcdf9347e3e81b6510ff85da3237,16205,1383,17588,0.08534402962048751,1959,1013,946,3228,1713,1515,1,1,8.6138,34.8901,89,63,13,0.0056022408963585435,0.002334267040149393
20251134,base,9eabeb4ca9449034d361fe378fef7c3f227d65a5aa9ebd79cbb37dceccf609bc,16205,1604,17809,0.09898179574205491,2006,1102,904,3426,1894,1532,1,1,8.6024,26.8519,83,65,17,0.0056022408963585435,0.003734827264239029
20251134,high,54f7d57cf410ad97c56a90bbf107295b933f438850f86bb8d03d6df727873871,16205,1887,18092,0.11644554149953718,2064,1189,875,3690,2123,1567,1,1,8.6613,29.4455,86,62,17,0.0056022408963585435,0.003734827264239029
20251134,low,08c74b33ded3e5529faa13d13f146bb0785985b4de48c8fa28b7ae2a064b84e4,16205,1328,17533,0.08195001542733724,1945,1063,882,3151,1676,1475,1,1,8.4127,32.6059,87,58,20,0.0056022408963585435,0.003734827264239029
20251135,base,e10c472a4fb82563fa57fbd7bc53f3eb7968755c5c2655ecbcdf76e554ff172f,16205,1636,17841,0.1009564949089787,1992,1068,924,3456,1881,1575,1,1,8.828,31.8275,86,60,19,0.0056022408963585435,0.004201680672268907
20251135,high,0186e9aa066595c34f0ee7b06a559d61415c51eeead91c9dc24ed42cd08674e9,16205,1908,18113,0.11774143782783092,2058,1154,904,3703,2122,1581,1,1,8.7286,28.774,87,61,17,0.0056022408963585435,0.004201680672268907
20251135,low,8876afa9a16dad4be60dfec42eeae082b154d7a77f23cc2ec7a99e9b163d1644,16205,1373,17578,0.08472693613082383,1954,1004,950,3216,1669,1547,1,1,8.8008,34.8395,87,62,16,0.0056022408963585435,0.004201680672268907
20251136,base,45880e8a855e8b8efbb3aa4cfa97c7e0459c37fa2b8f6923d29648011814e2ad,16205,1644,17849,0.10145016970070966,2015,1032,983,3462,1877,1585,1,1,8.88,30.5398,90,60,15,0.0056022408963585435,0.002334267040149393
20251136,high,1b8695ce3c860e14b2ae8421556928bd6e55fda22d971adbfb9c30fb4078c7bf,16205,1901,18106,0.11730947238506634,2059,1156,903,3695,2114,1581,1,1,8.7319,25.95,88,55,22,0.0056022408963585435,0.002334267040149393
20251136,low,7b8e3a4286b53f975a905e4c74fd6d7987ca6e77733c0bda952a007ff759320e,16205,1353,17558,0.08349274915149645,1958,969,989,3195,1660,1535,1,1,8.7424,32.4994,88,61,16,0.0056022408963585435,0.002334267040149393
20251137,base,b3e9f05d1f115190c24e1c6828af33a419282e861a0f99902e663f16ae4b8044,16205,1683,17888,0.10385683431039802,2001,1123,878,3506,1992,1514,1,1,8.4637,29.6297,87,63,15,0.0056022408963585435,0.006535947712418301
20251137,high,7c2d8e2d7a279ceac571394e40b04528491768bba0cd41af3b1734cdd748f5d8,16205,1973,18178,0.12175254551064486,2059,1254,805,3770,2295,1475,1,1,8.1142,27.2059,89,59,17,0.0056022408963585435,0.006535947712418301
20251137,low,a93e7aac83aa1b9e6662740ce7dc26bcb86427059894d7cc99dc102e267f0173,16205,1393,17598,0.0859611231101512,1951,1065,886,3230,1761,1469,1,1,8.3476,32.1757,87,61,17,0.0056022408963585435,0.006535947712418301
20251138,base,d66bdd79acc343669e21e6f080cec7b53fbd64852a5ea24210c2362d7f13e9cf,16205,1614,17819,0.0995988892317186,2022,1134,888,3459,1947,1512,1,1,8.4854,30.1282,91,60,14,0.0056022408963585435,0.0028011204481792717
20251138,high,912413e3f9456619ebcbda484d70b557f8ab5c2b65758138b4fc1a4ce5f9d477,16205,1902,18107,0.1173711817340327,2074,1195,879,3696,2172,1524,1,1,8.4166,27.8613,88,61,16,0.0056022408963585435,0.0028011204481792717
20251138,low,42f3f0c0746d791074b18ad8bf61b43541ba9596c5730c784037f0978f12b643,16205,1343,17548,0.08287565566183276,1979,1007,972,3213,1668,1545,1,1,8.8044,31.0781,90,60,15,0.0056022408963585435,0.0028011204481792717
20251139,base,87ac38eacbcd46556ad75d1b7bc25d268bb0c20a2441dd5f8986b997fcf30280,16205,1636,17841,0.1009564949089787,2034,1151,883,3492,2004,1488,1,1,8.3403,26.0135,86,58,21,0.0056022408963585435,0.005135387488328665
20251139,high,9c1cdb68185d95afec49ff85fa63a06de6cddce4c39ec0dec4d5b939a3036046,16205,1930,18135,0.11909904350509103,2100,1234,866,3759,2246,1513,1,1,8.343,26.268,85,62,18,0.0056022408963585435,0.005135387488328665
20251139,low,7490fbae897e7cb7c089f61fff136d54424ce15ed06d7487e79eb74087556e07,16205,1352,17557,0.08343103980253008,1976,1089,887,3213,1747,1466,1,1,8.35,31.4655,87,60,18,0.0056022408963585435,0.005135387488328665
20251140,base,3b8aea58c2797c752f2dd17f75606f4c0173cf86fd181138f8bff5d1b5548b50,16205,1602,17807,0.09885837704412219,2034,1131,903,3448,1953,1495,1,1,8.3956,30.1282,85,60,20,0.0056022408963585435,0.004201680672268907
20251140,high,43b0b3779b19b3cc1b3fc4c6ab1d6ff6d4ba66c35aecd9401262516516682586,16205,1879,18084,0.11595186670780623,2118,1215,903,3713,2185,1528,1,1,8.4495,27.379,84,62,19,0.0056022408963585435,0.004201680672268907
20251140,low,6f7ddbe9accfa8d550736570805a1698b2c36b5db015094a5ecfabb455922481,16205,1350,17555,0.08330762110459734,1979,1029,950,3211,1712,1499,1,1,8.5389,34.1494,85,63,17,0.0056022408963585435,0.004201680672268907
20251141,base,7ecc137b0becd7880a31f963cb122fa247798e7dab01201d84ad6c0fca479542,16205,1652,17857,0.10194384449244061,2013,1141,872,3484,1983,1501,1,1,8.4057,29.1536,88,58,19,0.0056022408963585435,0.0028011204481792717
20251141,high,3ef2bb781536026a783b2fdd04b7d4d735817a6d5367c04755d85a622c439f28,16205,1917,18122,0.11829682196852823,2082,1194,888,3735,2172,1563,1,1,8.6249,28.2623,88,59,18,0.0056022408963585435,0.0028011204481792717
20251141,low,81ca52481f1cf804b95786477231e15a12e7156ee21fe1f374ec9d82f5a4e1b1,16205,1362,17567,0.08404813329219377,1973,1002,971,3215,1687,1528,1,1,8.6982,35.2998,93,61,11,0.0056022408963585435,0.0028011204481792717
20251142,base,261622b5d9f6b68d96e5ec6d97341c4478556ac08c383a08724ae68bbc40d755,16205,1568,17773,0.09676025917926566,1993,1045,948,3381,1863,1518,1,1,8.541,29.3695,87,62,16,0.0056022408963585435,0.006069094304388422
20251142,high,cd6a64db91cbbc9f7f7472cfe55367e35ebe2f480ed5d184b66185b86b2c3c71,16205,1846,18051,0.11391545819191608,2058,1153,905,3649,2118,1531,1,1,8.4815,28.5219,85,62,18,0.0056022408963585435,0.006069094304388422
20251142,low,2c96ef820e544747e5ded0893d5374c79ddf03568a96f288331e6e1cfa2574cb,16205,1305,17510,0.08053070040111077,1958,1033,925,3153,1676,1477,1,1,8.4352,30.057,90,59,16,0.0056022408963585435,0.006069094304388422
20251143,base,72588c00e7e5c2fa64ea547729db2f59e235082061afb58a176fd2d234635d37,16205,1665,17870,0.1027460660290034,2017,1176,841,3503,2025,1478,1,1,8.2709,25.3226,88,61,16,0.0056022408963585435,0.0028011204481792717
20251143,high,2226be609198f4d2a8d3ccd26445bb54061c55d8c13894ed29b1da3f7d6231a9,16205,1949,18154,0.12027152113545202,2082,1225,857,3780,2271,1509,1,1,8.3123,27.7934,91,60,14,0.0056022408963585435,0.0028011204481792717
20251143,low,52b83acf5c458d13108dc8b4b5b481b3d0e337b3aebd1c6a22ad4441ff081df4,16205,1374,17579,0.08478864547979019,1967,1033,934,3227,1704,1523,1,1,8.6637,32.073,92,59,14,0.0056022408963585435,0.0028011204481792717
20251144,base,df61d0172dd5a0a3dc0a23b19770ec33d58351f127d54bfbde8bddcedc1aa38b,16205,1693,17898,0.1044739278000617,2008,1143,865,3529,2010,1519,1,1,8.487,32.3271,85,55,25,0.0056022408963585435,0.004668534080298786
20251144,high,a3f2fb00aae9f06aec52115019f069348510625c1783f1294042e460334d0750,16205,1975,18180,0.1218759642085776,2093,1168,925,3807,2247,1560,1,1,8.5809,28.7639,89,61,15,0.0056022408963585435,0.004668534080298786
20251144,low,54329a33f922b18ed20f9e16c349bdde2157e21fb9c32e9d33e91582abbbe0ac,16205,1413,17618,0.08719531008947856,1965,1111,854,3265,1816,1449,1,1,8.2246,31.6023,89,58,18,0.0056022408963585435,0.004668534080298786
20251145,base,76e9f985f41303738cf4233d8b3cffd34be78bc2951e6fc4aa10004ae3769ea0,16205,1677,17882,0.10348657821659982,2002,1089,913,3497,1940,1557,1,1,8.7071,32.3077,91,57,17,0.0056022408963585435,0.0028011204481792717
20251145,high,62a6e49c5ddd189456a9df1606bce2b1ffa4309586bad5e9eab522e3a4b3a51e,16205,1973,18178,0.12175254551064486,2069,1236,833,3764,2270,1494,1,1,8.2187,25.8662,89,54,22,0.0056022408963585435,0.0028011204481792717
20251145,low,90fd752a25a126b2c646dd2cedd3aafcc9ec6852bf141f3b0825e8f366ae8cd9,16205,1401,17606,0.08645479790188214,1967,1044,923,3253,1718,1535,1,1,8.7187,31.9056,89,59,17,0.0056022408963585435,0.0028011204481792717
20251146,base,4cb84ee1bd8255f3b91006999cd3a20feab23cac0101e642f533af450ad0aaea,16205,1603,17808,0.09892008639308855,2019,1151,868,3455,1967,1488,1,1,8.3558,32.0565,84,65,16,0.0056022408963585435,0.003734827264239029
20251146,high,a57ba6ce4f770e4b5f462ea2b1e2963ecf3150c8d1425e13a7dc56b8433e2d13,16205,1872,18077,0.11551990126504165,2082,1235,847,3701,2207,1494,1,1,8.2646,27.7357,83,66,16,0.0056022408963585435,0.003734827264239029
20251146,low,68e9882b43e8e798aefcbc990c4f1042ff354b81d48b2a0aeecc9fe2fa7894a3,16205,1350,17555,0.08330762110459734,1959,1033,926,3207,1676,1531,1,1,8.7212,35.5657,87,62,16,0.0056022408963585435,0.003734827264239029
20251147,base,e0bc4f2a27a5336f392461e0a3a95115bc599fc51b4aa026749228c40503fdda,16205,1680,17885,0.10367170626349892,2026,1126,900,3511,1984,1527,1,1,8.5379,30.2198,86,60,19,0.0056022408963585435,0.0032679738562091504
20251147,high,db4f80b55d1f2bb445606e21dc28de94986843199fb0cc1e53808c0e30344de6,16205,1950,18155,0.1203332304844184,2090,1223,867,3762,2246,1516,1,1,8.3504,28.7945,85,64,16,0.0056022408963585435,0.0032679738562091504
20251147,low,6fbb31df2f15b480cd82179dd28b9ebadcd9931022ad259ab9b897fdd7f3e6df,16205,1407,17612,0.08682505399568034,1973,1079,894,3257,1789,1468,1,1,8.3353,30.621,86,63,16,0.0056022408963585435,0.0032679738562091504
20251148,base,bd044e1eabb0275e3ae705a6bd4dce9b1a012c137b1bc1044c4e2a2cb861b816,16205,1619,17824,0.09990743597655044,2042,1147,895,3491,1975,1516,1,1,8.5054,29.6797,88,59,18,0.0056022408963585435,0.0028011204481792717
20251148,high,df03acece01c68221f03270592c82d4cdf82b666c2d904cda2b386282e37f557,16205,1873,18078,0.11558161061400803,2086,1181,905,3718,2159,1559,1,1,8.6237,28.5751,87,63,15,0.0056022408963585435,0.0028011204481792717
20251148,low,1dcb1031ee0d991a2bf903df98eb1cd96f15203e247dd1387e82be4cce12023d,16205,1345,17550,0.0829990743597655,1980,1052,928,3215,1725,1490,1,1,8.49,33.2109,88,60,17,0.0056022408963585435,0.0028011204481792717
20251149,base,a2988597e0f2ed0275d93a2bb275d361e26e42b55033576dfffe1759fd76cbc3,16205,1640,17845,0.10120333230484418,2025,1099,926,3461,1940,1521,1,1,8.5234,31.5751,87,61,17,0.0056022408963585435,0.004668534080298786
20251149,high,0249e7d864f936596c3cd800cf4740ea7f7c2a13fe53f578f39228437159e605,16205,1909,18114,0.11780314717679728,2087,1153,934,3713,2136,1577,1,1,8.706,29.5921,90,58,17,0.0056022408963585435,0.004668534080298786
20251149,low,77148eee4cc3fa1140de4af5167500549c14537d82c61c163eb49f18b17e8328,16205,1390,17595,0.08577599506325208,1966,998,968,3234,1685,1549,1,1,8.8036,34.9907,91,56,18,0.0056022408963585435,0.004668534080298786
20251150,base,5886871a7aef7d7810d3d17cd10e84f6c96f4ea0d9c2378df6c7338e84c385d6,16205,1732,17937,0.10688059240975008,2028,1127,901,3548,2035,1513,1,1,8.435,28.4802,87,58,20,0.0056022408963585435,0.002334267040149393
20251150,high,fd0ba8968d62a47d6c9bda7204fac08d874d5b46990e75744c6d3db3eae9ab40,16205,2039,18244,0.12582536254242518,2104,1249,855,3845,2328,1517,1,1,8.315,27.8788,85,61,19,0.0056022408963585435,0.002334267040149393
20251150,low,2f73552a8093893a9f146852b28f234c411755d3a343db5025c57b68614f5e6c,16205,1451,17656,0.08954026535020056,1983,1056,927,3296,1799,1497,1,1,8.4787,31.5314,91,57,17,0.0056022408963585435,0.002334267040149393
20251151,base,25e09f02f3b5e150fb0ebd4f05f5f6c762cd4340191f98f3d69cbb1fa4064dd9,16205,1646,17851,0.10157358839864239,2007,1052,955,3479,1897,1582,1,1,8.8622,29.6297,88,62,15,0.0056022408963585435,0.004201680672268907
20251151,high,f1cfb37bc2f8090836710484110e889f5b7abac2d0610afcb5d18bffec03916c,16205,1935,18140,0.11940759024992287,2062,1206,856,3746,2252,1494,1,1,8.2359,25.2581,81,60,24,0.0056022408963585435,0.004201680672268907
20251151,low,f260775d322683ad4e075d102cc1e28da55c3aee941ed4d4c530367a2af26e79,16205,1396,17601,0.0861462511570503,1968,1023,945,3252,1715,1537,1,1,8.7324,33.4615,89,59,17,0.0056022408963585435,0.004201680672268907
20251152,base,b90b5c18dbf6f8bde591838c3747c36e241a232557c034b715638569ecabfd4f,16205,1656,17861,0.10219068188830607,2022,1115,907,3496,1948,1548,1,1,8.667,30.6713,87,57,21,0.0056022408963585435,0.004668534080298786
20251152,high,1661f06e699bd8873e09ceffff026d27748f742f1edd850e47d8d83634988503,16205,1943,18148,0.11990126504165381,2088,1221,867,3753,2231,1522,1,1,8.3866,24.7812,87,58,20,0.0056022408963585435,0.004668534080298786
20251152,low,d9a5100228b2041d9a905d8b5080bcc6fb7e3554599fde1a04b63fd03036b7e5,16205,1367,17572,0.08435668003702561,1957,1012,945,3213,1680,1533,1,1,8.7241,32.826,89,60,16,0.0056022408963585435,0.004668534080298786
20251153,base,b37e342756ac196caea5cdf7149eceb04945cdf229ba9db88d1251744749f9b0,16205,1620,17825,0.09996914532551682,2023,1132,891,3453,1993,1460,1,1,8.1908,29.9155,86,60,19,0.0056022408963585435,0.004201680672268907
20251153,high,cc43b430f102350885088794b5c89c5de3abac17f8da68f4dd953f4d01bc90be,16205,1867,18072,0.11521135452020981,2095,1135,960,3693,2115,1578,1,1,8.7317,30.3031,94,55,16,0.0056022408963585435,0.004201680672268907
20251153,low,889aa726f2c777e202a8fb20966ecdab05e95ae1be19ad49f97c630a7749b149,16205,1343,17548,0.08287565566183276,1971,998,973,3204,1707,1497,1,1,8.5309,29.3092,91,61,13,0.0056022408963585435,0.004201680672268907
20251154,base,910bc9b3a15dedf23192fa4cc62f071c17e53cd105c301fc91459b8325c3cb70,16205,1639,17844,0.10114162295587782,2029,1120,909,3485,1978,1507,1,1,8.4454,28.8721,88,60,17,0.0056022408963585435,0.003734827264239029
20251154,high,a2b3f68bcaf935729c23a1745181437961da208fdcb2689c0ff5417b341bc8c8,16205,1920,18125,0.11848195001542734,2110,1251,859,3765,2291,1474,1,1,8.1324,26.5994,84,65,16,0.0056022408963585435,0.003734827264239029
20251154,low,e05d6762a19529176d45a6f927ec54648ed3a027523960e3a671c7101f328e73,16205,1372,17577,0.08466522678185745,1982,1063,919,3238,1752,1486,1,1,8.4542,32.1119,87,59,19,0.0056022408963585435,0.003734827264239029
20251155,base,a78bc61d4ac1db9080838c6c6fef6f13cb2f33152b8ddd875be3038e4c7383d5,16205,1643,17848,0.10138846035174329,2004,1080,924,3450,1879,1571,1,1,8.8021,31.5376,89,58,18,0.0056022408963585435,0.0028011204481792717
20251155,high,ff4011ae51b811242d270930c3f3d519281cecde92c5b1d9cce0c86ca540bc70,16205,1897,18102,0.11706263498920086,2074,1156,918,3707,2120,1587,1,1,8.767,27.6294,89,57,19,0.0056022408963585435,0.0028011204481792717
20251155,low,72c4782f6e82faa3832dd8dde837bad4d8340fa8bf774be0456f4c77420f19ca,16205,1388,17593,0.08565257636531935,1964,1056,908,3223,1736,1487,1,1,8.4522,32.0371,90,55,20,0.0056022408963585435,0.0028011204481792717
20251156,base,51a47ded4bb956be0672d88befc52bdb34332c41af466649d1c1981776d4e7d5,16205,1678,17883,0.10354828756556618,2006,1142,864,3482,2011,1471,1,1,8.2257,32.1549,85,62,18,0.0056022408963585435,0.004668534080298786
20251156,high,d1075e0e90292fbdc11915de86c99a73bf0b91cf9012c69b3e79e8f40f9d45a0,16205,1958,18163,0.12082690527614934,2056,1185,871,3727,2209,1518,1,1,8.3576,28.7313,84,64,17,0.0056022408963585435,0.004668534080298786
20251156,low,47bc50e709335f5fae50416613e15d034ad182137e4a3f71c7feb07623e58f88,16205,1401,17606,0.08645479790188214,1971,1054,917,3246,1744,1502,1,1,8.5312,33.085,87,59,19,0.0056022408963585435,0.004668534080298786
20251157,base,240d2752cb6d46f3bc572e3873701640ba6beeb2e6aac075893db4987f4d0aa4,16205,1666,17871,0.10280777537796976,2015,1122,893,3482,1987,1495,1,1,8.3655,28.5682,92,57,16,0.0056022408963585435,0.004201680672268907
20251157,high,56ad6037ec12f034031538ebdcacba18ab4c6f44aadff535757e8b8ccef3331c,16205,1944,18149,0.11996297439062018,2078,1219,859,3745,2266,1479,1,1,8.1492,26.8757,86,61,18,0.0056022408963585435,0.004201680672268907
20251157,low,c202c4292c741d509ec2c49ce0f98f034847ab3e3a45f7ef20b282f1da05029c,16205,1365,17570,0.08423326133909287,1961,1086,875,3206,1781,1425,1,1,8.1104,32.2963,88,59,18,0.0056022408963585435,0.004201680672268907
20251158,base,92af5d2fab35af36a54da96af19f7bde0ec0666606a0a563f991bca77cf926a2,16205,1633,17838,0.1007713668620796,2019,1111,908,3465,1943,1522,1,1,8.5323,29.5329,86,61,18,0.0056022408963585435,0.0018674136321195146
20251158,high,cccbf976f18466c2619a242be02545ca04c2c8d7131fc006ed8e9e9d4a3e2ce5,16205,1941,18146,0.11977784634372107,2083,1229,854,3752,2258,1494,1,1,8.2332,26.951,86,59,20,0.0056022408963585435,0.0018674136321195146
20251158,low,9a361f307a58ae2c746d2ccb102f1e28e1cf1af64b7ba228c95029e45e0beb4d,16205,1360,17565,0.08392471459426103,1969,1012,957,3205,1681,1524,1,1,8.6763,31.7542,87,60,18,0.0056022408963585435,0.0018674136321195146
20251159,base,674a9e40abc5ba2a380b7b498ba79384654026a3f89df7eee29688944e6422e8,16205,1564,17769,0.09651342178340018,2010,1136,874,3413,1946,1467,1,1,8.2559,31.6815,85,63,17,0.0056022408963585435,0.0032679738562091504
20251159,high,73ef5e6e1e94177ed24b99d9c9b7ad5ca9a775af7973868a531403915ff7ec23,16205,1839,18044,0.1134834927491515,2081,1183,898,3664,2132,1532,1,1,8.4903,28.0432,91,58,16,0.0056022408963585435,0.0032679738562091504
20251159,low,35c1b009baf58dad7f4ce6c0b135665f2e5c788944a278d6886fbfb0ec35c868,16205,1291,17496,0.07966676951558162,1967,995,972,3162,1618,1544,1,1,8.8249,34.7277,89,59,17,0.0056022408963585435,0.0032679738562091504
20251160,base,9dcaa7880b5d07397b06edfb3c9f66f51e2f893036f47b10d1db76c3f11b5f87,16205,1700,17905,0.10490589324282629,2034,1095,939,3547,1956,1591,1,1,8.8858,32.1346,89,61,15,0.0056022408963585435,0.0032679738562091504
20251160,high,2028e0b1178715a7ed9dac4143da583d64d45ab8b3173e16aba92cff69647dcc,16205,2002,18207,0.12354211663066955,2081,1195,886,3797,2260,1537,1,1,8.4418,28.3753,83,67,15,0.0056022408963585435,0.0032679738562091504
20251160,low,f33e184c1a2b73ccbdc5547c49ee825d62b2d96d06b54fdbc4d63a0135d5168a,16205,1409,17614,0.08694847269361308,1971,994,977,3260,1691,1569,1,1,8.9077,34.0741,91,63,11,0.0056022408963585435,0.0032679738562091504
20251161,base,85c6ddd52ed8c1a3d90e54bcd792bb9b3c93f70114ba304b9ea28a801e32ce7a,16205,1626,17831,0.10033940141931502,2012,1119,893,3461,1960,1501,1,1,8.4179,29.8201,88,59,18,0.0056022408963585435,0.002334267040149393
20251161,high,240681db74dd2c170c7045fc408bdcb58c334f76d057319fb5f6b98562aa13a6,16205,1887,18092,0.11644554149953718,2073,1173,900,3698,2173,1525,1,1,8.4292,28.3846,88,57,20,0.0056022408963585435,0.002334267040149393
20251161,low,9a008cb353ace010265492bcee717d34eb04817ef6dbe15d2d10cacc59286c48,16205,1364,17569,0.0841715519901265,1964,1059,905,3217,1751,1466,1,1,8.3443,29.9985,92,56,17,0.0056022408963585435,0.002334267040149393
20251162,base,fbcd709f08cbfa6833f5612039083ac10a9616561bb93887b76971ba83038b15,16205,1669,17874,0.10299290342486887,2003,1120,883,3497,2034,1463,1,1,8.185,29.7902,89,61,15,0.0056022408963585435,0.002334267040149393
20251162,high,6ca6ec32376f3a1fa2f66693a63b8b2cabf296fbbe4ea41817aca7c569262e5b,16205,1957,18162,0.12076519592718298,2063,1206,857,3753,2239,1514,1,1,8.3361,27.9487,84,60,21,0.0056022408963585435,0.002334267040149393
20251162,low,1418cd5b6a02f6f2d48a458a60f4240d23a417df0ab5da65d92d6c3303495f2c,16205,1393,17598,0.0859611231101512,1947,1061,886,3229,1777,1452,1,1,8.251,31.8309,91,56,18,0.0056022408963585435,0.002334267040149393
20251163,base,b6155d8acbb5007d7b9591234d3029a9f04fb5ce36e9cdfda826ade52cf90f82,16205,1646,17851,0.10157358839864239,1989,1094,895,3445,1905,1540,1,1,8.6269,32.4225,86,62,17,0.0056022408963585435,0.003734827264239029
20251163,high,26d50ccc6bc0826bf4101724c329b1b56bf896c8eb4537b42fa7f38febe6efdb,16205,1947,18152,0.12014810243751928,2050,1232,818,3724,2274,1450,1,1,7.9881,24.2403,81,63,21,0.0056022408963585435,0.003734827264239029
20251163,low,b3d00848b93bbd2e35d605728231099e38c9088ee4d1e3f9c8d75b11bbcd42cb,16205,1370,17575,0.08454180808392471,1956,1023,933,3195,1673,1522,1,1,8.66,29.0023,87,64,14,0.0056022408963585435,0.003734827264239029
20251164,base,7b2d88753ac7935ba875b56ffa1d629d7b5a8a42428f0c1780ff5b6609615579,16205,1659,17864,0.10237580993520519,2040,1162,878,3497,1996,1501,1,1,8.4024,29.3706,86,63,16,0.0056022408963585435,0.0032679738562091504
20251164,high,2460839208a864271d6b438d8a932ffd3a1683e5e1b1d5d11e661fc1f3341370,16205,1948,18153,0.12020981178648565,2098,1222,876,3756,2228,1528,1,1,8.4173,28.0808,84,63,18,0.0056022408963585435,0.0032679738562091504
20251164,low,59b350b52e5e4a85e2f351f1fc8e7e07169d3a6a7d202f490b07484028852104,16205,1391,17596,0.08583770441221845,1989,1009,980,3245,1674,1571,1,1,8.9282,34.5045,89,59,17,0.0056022408963585435,0.0032679738562091504
20251165,base,9b1baac0cc77475e7bc4cb9da7cd083a50a42250fdf1a2f8a7c0526a26c93033,16205,1650,17855,0.10182042579450787,2002,1143,859,3470,1993,1477,1,1,8.2722,29.7902,88,62,15,0.0056022408963585435,0.004201680672268907
20251165,high,2b0eb3402e5a8f8e2a763881d0c7abeb7c2b9bd53c3940c859e5bcec0dde9c29,16205,1900,18105,0.11724776303609998,2062,1185,877,3702,2172,1530,1,1,8.4507,28.4716,87,61,17,0.0056022408963585435,0.004201680672268907
20251165,low,d1f46835be2c47a70f32a4f9ef50dc5cd839eaf098b6d4c28e72fd01df99606c,16205,1383,17588,0.08534402962048751,1952,1085,867,3225,1785,1440,1,1,8.1874,32.0539,88,60,17,0.0056022408963585435,0.004201680672268907
20251166,base,40346cd6c02b69b8eec3e40b4e8ceaccfec00be17d4864470136da4942b2a2f8,16205,1656,17861,0.10219068188830607,2003,1111,892,3467,1962,1505,1,1,8.4262,32.8672,86,58,21,0.0056022408963585435,0.0032679738562091504
20251166,high,05985d33e740b7e878a17518d49be8daa2cf1b04bfd7128c86a0f17a24916e63,16205,1948,18153,0.12020981178648565,2093,1190,903,3763,2215,1548,1,1,8.5276,26.8132,91,58,16,0.0056022408963585435,0.0032679738562091504
20251166,low,441adee03f3e97d43df2086fe8be43bf23601f9acc9d616fb34f2c4f523bdf74,16205,1353,17558,0.08349274915149645,1957,1032,925,3195,1690,1505,1,1,8.5716,33.4548,89,61,15,0.0056022408963585435,0.0032679738562091504
20251167,base,2d99a87e387039225621521c6e30ef38454c0b21e0602c305eba338002e707f4,16205,1634,17839,0.10083307621104598,2023,1077,946,3479,1921,1558,1,1,8.7337,30.925,91,59,15,0.0056022408963585435,0.003734827264239029
20251167,high,ce55b89d4ff4d438b46ad9121e7bb6894721f98fc2e37ae9ac7242d9cc36ee3f,16205,1890,18095,0.11663066954643629,2078,1206,872,3711,2191,1520,1,1,8.4001,27.4386,86,59,20,0.0056022408963585435,0.003734827264239029
20251167,low,18e42201b3c69aa9f25d82acba0da2cf0506f4eb319c9515e235a4d684fb09d2,16205,1358,17563,0.08380129589632829,1961,1006,955,3209,1682,1527,1,1,8.6944,33.4548,94,54,17,0.0056022408963585435,0.003734827264239029
20251168,base,415e82379f09ff877ec2e60b1a37a0cbb58c2c0b7ac0f3df8a9d33176f420a77,16205,1602,17807,0.09885837704412219,2009,1116,893,3435,1902,1533,1,1,8.609,28.6364,93,55,17,0.0056022408963585435,0.004668534080298786
20251168,high,c29c27ad742ebfc4ae28e99c85dc2ae1e73f96c55e36cbce7a2fb149f720538b,16205,1902,18107,0.1173711817340327,2102,1177,925,3727,2139,1588,1,1,8.7701,26.5994,93,53,19,0.0056022408963585435,0.004668534080298786
20251168,low,63a28ba1547d27939c019dd6f69a8820b2383b87e39066776724f0dd789b121e,16205,1357,17562,0.08373958654736192,1982,1004,978,3218,1678,1540,1,1,8.769,33.1857,93,54,18,0.0056022408963585435,0.004668534080298786
20251169,base,7df4552567619e4772b8265ba654f812ea57e70a7be4212c40dbd2ad1b9d6385,16205,1613,17818,0.09953717988275224,2003,1111,892,3437,1924,1513,1,1,8.4914,32.3864,87,62,16,0.0056022408963585435,0.003734827264239029
20251169,high,44eec1cdf5aff2024d2583da30f2cf22d7750815576f457bd2bb8883750326a0,16205,1876,18081,0.11576673866090713,2072,1215,857,3691,2195,1496,1,1,8.2739,27.2202,85,58,22,0.0056022408963585435,0.003734827264239029
20251169,low,4c33b0f77ec05f59cabbbf4d3fcff5e757c14c5953263977c115ca1897f632af,16205,1344,17549,0.08293736501079914,1958,1057,901,3194,1722,1472,1,1,8.388,30.2612,87,64,14,0.0056022408963585435,0.003734827264239029
20251170,base,207ad6e3178270e4ccda4506facd14ecb28c1969ffdec250bac9e1807515ead0,16205,1652,17857,0.10194384449244061,2017,1113,904,3495,1952,1543,1,1,8.6409,28.8989,86,62,17,0.0056022408963585435,0.0028011204481792717
20251170,high,3b7df19e7d1c1a02f4450e8461d82b9035ef5694c76654be82c9b5b693b2d212,16205,1942,18147,0.11983955569268744,2096,1180,916,3781,2206,1575,1,1,8.6791,26.7133,87,60,18,0.0056022408963585435,0.0028011204481792717
20251170,low,2bd72e08a268b577ccefced660c069d5077028545b85ec5ddd7924e123e7a0e6,16205,1387,17592,0.08559086701635298,1966,1083,883,3242,1772,1470,1,1,8.356,30.2861,88,61,16,0.0056022408963585435,0.0028011204481792717
20251171,base,e57f642e31e63f86e000a3465af8457089ddb5f343067762302b0c8167ab6b10,16205,1645,17850,0.10151187904967603,2013,1150,863,3451,1980,1471,1,1,8.2409,30.4049,87,62,16,0.0056022408963585435,0.005135387488328665
20251171,high,62f6c8379c958e8cfe185246d11d4740fff527ac9029b33911808a0946fa4c35,16205,1889,18094,0.11656896019746991,2087,1255,832,3692,2233,1459,1,1,8.0635,28.1651,82,62,21,0.0056022408963585435,0.005135387488328665
20251171,low,8ac6b0c2cf8fc60d2f5c052ad4cfd13b395d6deb362baee766337d5ef3c6b62e,16205,1351,17556,0.08336933045356372,1964,1015,949,3198,1687,1511,1,1,8.6067,30.0239,89,60,16,0.0056022408963585435,0.005135387488328665
20251172,base,3db612b2c2b271f8e55fe6d1b16c01aa1e752c7e4cbc233d8dcc956fa6d6bf2b,16205,1626,17831,0.10033940141931502,2045,1148,897,3479,1972,1507,1,1,8.4516,29.4118,85,65,15,0.0056022408963585435,0.002334267040149393
20251172,high,7aca11a2afbae537fe495a7f8760b3c45b0acb11606cfb5ab43c1dad5f1edc25,16205,1885,18090,0.11632212280160445,2086,1211,875,3699,2164,1535,1,1,8.4854,26.6799,88,57,20,0.0056022408963585435,0.002334267040149393
20251172,low,fb5b9b305716cad990dec156392224155d3016c9e7581da27c9c58e10588f060,16205,1338,17543,0.08256710891700092,1959,1041,918,3187,1710,1477,1,1,8.4193,31.4958,86,65,14,0.0056022408963585435,0.002334267040149393
20251173,base,f1f6f4debd54fb47d4d9a6fe5138b5242a29052795aa63aa0ee2014afce33e58,16205,1621,17826,0.10003085467448318,2002,1088,914,3436,1923,1513,1,1,8.4876,29.3575,89,58,18,0.0056022408963585435,0.002334267040149393
20251173,high,a1ef47e98af5cf11e5db740b6d525e34b9d3be2fdc8b7ba269e780cb6a939590,16205,1911,18116,0.11792656587473002,2060,1102,958,3686,2075,1611,1,1,8.8927,28.3951,91,59,15,0.0056022408963585435,0.002334267040149393
20251173,low,a25fcdbc3f9304f734431c1ef2c818417e709fecfc4eacc56f836a0c3f5c16e9,16205,1357,17562,0.08373958654736192,1954,998,956,3192,1656,1536,1,1,8.7462,32.5282,86,64,15,0.0056022408963585435,0.002334267040149393
